Workbook
Name FLAPAQ: FLAPAQ!$B$1:$I$28
Name FLATCQ: FLATCQ!$B$1:$I$30
Name ICQ: ICQ!$B$1:$J$82
Name PAQ: PAQ!$B$1:$I$102
Name SCQ: SCQ!$B$1:$I$135
Name STQ: STQ!$B$1:$H$13
Name STQ: #REF!
Name TCQ: TCQ!$B$1:$J$160

Sheet TOC
A1: Table number | B1: Table Title
A2: Table 22.A.1 | B2: List of all trend scales
A3: Table 22.A.2 | B3: OECD mean and standard deviation of the original WLEs for the new scales
A4: Table 22.A.3 | B4: OECD mean and standard deviation of the original WLEs in PISA 2022 for trend scales linked to PISA 2025
A5: Table 22.A.4 | B5: OECD mean and standard deviation of the original WLEs in PISA 2018 for trend scales linked to PISA 2025
A6: Table 22.A.5 | B6: OECD mean and standard deviation of the original WLEs in PISA 2012 for trend scales linked to PISA 2025
A7: Table 22.A.6 | B7: Scaling constants used as linear transformations for original WLEs in PISA 2025 to link trend scales to PISA 2015 (and PISA 2006)
A8: Table 22.A.7 | B8: Variables derived from the Student Questionnaire
A9: Table 22.A.8 | B9: Mapping of ISCED levels to years of education
A10: Table 22.A.9 | B10: ISCEDP values and labels
A11: Table 22.A.10 | B11: Creation of EXPECEDU index
A12: Table 22.A.11 | B12: Cronbach's alpha for the IRT scales in the Student Questionnaire
... A159: Table 22.A.158 | B159: Questionnaire Trend Items Parameters

Sheet T22.A.1
A1: Table of Contents
A3: Table 22.A.1
A4: List of all trend scales
A6: Scale | B6: PISA cycle linked to
A7: Student Questionnaire
A8: BELONG | B8: 2018
A9: BULLIED | B9: 2018
A10: DISCLISCI | B10: 2015
A11: ENVAWARE | B11: 2015
A12: FAMSUP | B12: 2022
A13: FEELSAFE | B13: 2022
A14: ICTRES | B14: 2022
A15: JOYSCIE | B15: 2015
A16: TEACHSUP | B16: 2015
A17: ICT Familiarity Questionnaire
A18: ICTFEED | B18: 2022
A19: ICTHOME | B19: 2022
A20: ICTINFO | B20: 2022
A21: ICTOUT | B21: 2022
A22: ICTQUAL | B22: 2022
A23: ICTREG | B23: 2022
A24: ICTSCH | B24: 2022
A25: ICTWKDY | B25: 2022
A26: ICTWKEND | B26: 2022
A27: INTICT | B27: 2018
A28: SOIAICT | B28: 2018
A29: Parent Questionnaire
A30: PARINVOL | B30: 2022
A31: PQENPERC | B31: 2015
A32: PQENVOPT | B32: 2015
A33: PQSCHOOL | B33: 2018
A34: PRESUPP | B34: 2015
A35: School Questionnaire
A36: ALLACTIV | B36: 2022
A37: DIGPREP | B37: 2022
A38: EDULEAD | B38: 2022
A39: EDUSHORT | B39: 2018
A40: ENCOURPG | B40: 2022
A41: NEGSCLIM | B41: 2022
A42: STAFFSHORT | B42: 2018
A43: STDTEST | B43: 2022
A44: TDTEST | B44: 2022
A45: Teacher Questionnaire
A46: DEVNEED | B46: 2022
A47: EXCHT | B47: 2018
A48: SEFFCM | B48: 2018
A49: SEFFINS | B49: 2018
A50: SEFFREL | B50: 2018
A51: SETEACH | B51: 2015
A52: TCDIGRES | B52: 2022

Sheet T22.A.2
A1: Table of Contents
A3: Table 22.A.2
A4: OECD mean and standard deviation of the original WLEs for the new scales
A6: Scale | B6: Mean | C6: SD
A7: Student Questionnaire
A8: AIUSESCH | B8: -0.57621661 | C8: 1.0198009
A9: COGABIL | B9: -0.16576047 | C9: 1.0327374
A10: COGACSC | B10: -0.54321822 | C10: 1.086203
A11: COLLENEFF | B11: -0.46386699 | C11: 1.0126689
A12: CURIO | B12: -0.2090514 | C12: 1.0162815
A13: EFFSCIE | B13: -0.59277614 | C13: 1.0895968
A14: ENGSCIPR | B14: -0.62427062 | C14: 1.0177516
A15: ENPROBS | B15: -0.43729898 | C15: 1.0803779
A16: ENVAPART | B16: -0.19730456 | C16: 1.0049689
A17: ENVCAPCH | B17: -0.41983963 | C17: 1.058524
A18: GOALSET | B18: -0.64933933 | C18: 1.1125233
A19: HOMEPOS | B19: -0.56644531 | C19: 1.1537855
... A24: STBELSCIE | B24: -0.079620913 | C24: 1.0324338
A25: ICT Familiarity Questionnaire
A26: DIGINTLRN | B26: -0.60437746 | C26: 1.0295523
A27: Parent Questionnaire
A28: FGENSUP | B28: -0.40502659 | C28: 1.067452
A29: FSCISUP | B29: -0.15555926 | C29: 1.1877363
A30: PQDIGEFF | B30: 0.20802681 | C30: 1.0259694
A31: PQFEED | B31: 0.23601993 | C31: 0.95055688
A32: PQSCAR | B32: 0.22609362 | C32: 0.42259882
A33: PQSELFREG | B33: 0.08842541 | C33: 1.1637742
A34: PVDRSCUSE | B34: 0.53333929 | C34: 1.1615782
A35: School Questionnaire
A36: AVLRSOFT | B36: 0.7893071 | C36: 1.1470767
A37: DELGLOB | B37: -0.2406465 | C37: 0.5640617
A38: FREESCIE | B38: -0.6404217 | C38: 0.8308175
A39: OPPACTENV | B39: -0.3997431 | C39: 1.1872367
A40: PISASUPP | B40: -1.1777151 | C40: 0.5857358
A41: PRIORLRN | B41: -0.3607814 | C41: 0.9549675
A42: SCTRAIN | B42: 0.1276624 | C42: 0.5655941
A43: SESASSESS | B43: -0.6202871 | C43: 1.1498933
A44: Teacher Questionnaire
A45: BELLRNG | B45: -0.31563034 | C45: 1.0139353
A46: CONEXSCI | B46: -0.6462144 | C46: 0.76224439
A47: DRUSESCT | B47: -0.463272 | C47: 1.0045222
A48: ENCOURSTUD | B48: -0.41043407 | C48: 0.91618486
A49: ENJBSCIE | B49: -0.73655513 | C49: 0.70802855
A50: PARCOOPLRN | B50: 0.18685455 | C50: 1.1405334
A51: PARSCLRN | B51: -0.3104058 | C51: 0.93312876
A52: PERSDIGRES | B52: -0.26856959 | C52: 0.98609568
A53: POSLEAD | B53: 0.01814811 | C53: 0.97051749
A54: SCIETCOLL | B54: -0.55025551 | C54: 1.0943902
A55: STSCIACT | B55: 0.02048659 | C55: 0.98601324
A56: TCBELSCIE | B56: -0.52347107 | C56: 0.87286841
... A60: USEFORAS | B60: -0.45498041 | C60: 1.0644204
A61: FLA Student Questionnaire
A62: ANXENGL | B62: -0.21583676 | C62: 1.0553335
A63: EXPENGUSE | B63: 0.16323841 | C63: 0.96853283
A64: HLANGPROF | B64: -0.31097653 | C64: 0.81811454
A65: FLA Parent Questionnaire
A66: FENGSUP | B66: 0.65704943 | C66: 0.97637205
A67: PARENGL | B67: 0.15196388 | C67: 0.99871495
A68: PARIMPO | B68: -0.33467713 | C68: 0.82722535
A69: PARSAT | B69: 0.14371498 | C69: 1.0183045
A70: PARUSE | B70: 0.23593556 | C70: 0.79026907
A71: FLA Teacher Questionnaire
A72: TCSELFUSE | B72: -0.30452132 | C72: 0.74440108
A73: TCSELFATT | B73: 0.04953813 | C73: 0.77564291
A74: TCENGFORM | B74: 0.12146605 | C74: 1.0044358
A75: JOBSATENG | B75: -0.09240046 | C75: 1.091153
A76: TCUSEENG | B76: 0.22704168 | C76: 1.0216985

Sheet T22.A.3
A1: Table of Contents
A3: Table 22.A.3
A4: OECD mean and standard deviation of the original WLEs in PISA 2022 for trend scales linked to PISA 2025
A6: Scale | B6: Mean | C6: SD
A7: Student Questionnaire
A8: FAMSUP | B8: 0.5744 | C8: 0.9633
A9: FEELSAFE | B9: 1.7689 | C9: 1.645
A10: ICTRES | B10: 0.33671174 | C10: 0.69810361
A11: Parent Questionnaire
A12: PARINVOL | B12: -0.55308483 | C12: 1.0552016
A13: ICT familiarity questionnaire
A14: ICTSCH | B14: 1.4221616 | C14: 0.57047698
A15: ICTHOME | B15: 1.6034869 | C15: 0.51748369
A16: ICTQUAL | B16: 0.26738857 | C16: 1.2336738
A17: ICTFEED | B17: -0.48302712 | C17: 1.0211427
A18: ICTOUT | B18: 0.16785814 | C18: 0.98993467
A19: ICTWKDY | B19: -0.44397948 | C19: 0.61537695
A20: ICTWKEND | B20: -0.67647149 | C20: 0.8234518
A21: ICTREG | B21: -0.83335098 | C21: 1.3871951
A22: ICTINFO | B22: -0.018925248 | C22: 1.0634728
A23: School Questionnaire
A24: ALLACTIV | B24: 0.020045385 | C24: 0.91355227
A25: DIGPREP | B25: 0.14546351 | C25: 1.0092317
A26: EDULEAD | B26: 0.080588237 | C26: 0.94133877
A27: ENCOURPG | B27: -0.3671992 | C27: 1.080592
A28: NEGSCLIM | B28: -1.2709127 | C28: 1.2873045
A29: STDTEST | B29: -0.066804516 | C29: 1.144841
A30: TDTEST | B30: 0.27795455 | C30: 0.97491057
A31: Teacher Questionnaire
A32: EXCHT | B32: 0.32001569 | C32: 0.624387
A33: SEFFCM | B33: 1.55319 | C33: 1.4793824
A34: SEFFINS | B34: 1.4494492 | C34: 1.1312022
A35: SEFFREL | B35: 1.4315132 | C35: 1.4677541

Sheet T22.A.4
A1: Table of Contents
A3: Table 22.A.4
A4: OECD mean and standard deviation of the original WLEs in PISA 2018 for trend scales linked to PISA 2025
A6: Scale | B6: Mean | C6: SD
A7: Student Questionnaire
A8: BELONG | B8: 0.76821115 | C8: 1.1367603
A9: BULLIED (BEINGBULLIED in 2018) | B9: -1.2167995 | C9: 0.76362448
A10: ICT Familiarity Questionnaire
A11: INTICT | B11: 0.63285188 | C11: 1.1054315
A12: SOIAICT | B12: 0.060049244 | C12: 1.3505611
A13: Parent Questionnaire
A14: PQSCHOOL | B14: 1.2325982 | C14: 1.3693617
A15: School Questionnaire
A16: EDUSHORT | B16: -0.7828264 | C16: 1.1122459
A17: STAFFSHORT | B17: -0.86835407 | C17: 0.82658883
A18: Teacher Questionnaire
A19: EXCHT | B19: 0.32001569 | C19: 0.624387
A20: SEFFCM | B20: 1.55319 | C20: 1.4793824
A21: SEFFINS | B21: 1.4494492 | C21: 1.1312022
A22: SEFFREL | B22: 1.4315132 | C22: 1.4677541

Sheet T22.A.5
A1: Table of Contents
A3: Table 22.A.5
A4: OECD mean and standard deviation of the original WLEs in PISA 2012 for trend scales linked to PISA 2025
A6: Scale | B6: Mean | C6: SD
A7: Student Questionnaire
A8: DISCLISCI | B8: 0.53 | C8: 1.3
A9: TEACHSUP | B9: 0.75 | C9: 1.24
A10: Parent Questionnaire
A11: PRESUPP | B11: -0.69 | C11: 0.68
A12: Teacher Questionnaire
A13: SETEACH | B13: 1.41 | C13: 1.14

Sheet T22.A.6
A1: Table of Contents
A3: Table 22.A.6
A4: Scaling constants used as linear transformations for original WLEs in PISA 2025 to link trend scales to PISA 2015 (and PISA 2006)
A6: Scale | B6: A | C6: B
A7: Student Questionnaire
A8: ENVAWARE | B8: 0.58 | C8: -0.12
A9: JOYSCIE | B9: 1.05 | C9: -0.52
A10: Parent Questionnaire
A11: PQGENSCI | B11: 0.77 | C11: -1.11
A12: PQENPERC | B12: 1.64 | C12: -2.34
A13: PQENVOPT | B13: 1.11 | C13: 1

Sheet T22.A.7
A1: Table of Contents
A3: Table 22.A.7
A4: Variables derived from the Student Questionnaire
A6: DV name | B6: DV label
A7: Simple DVs
A8: AGE | B8: Students' age
A9: GRADE | B9: Grade compared to modal grade
A10: ST004D01 | B10: Students' gender
A11: MALE | B11: Students' male gender
A12: P1ISCED | B12: Parent/guardian 1's level of education
A13: P2ISCED | B13: Parent/guardian 2's level of education
A14: HISCED | B14: Highest educational level of parents/guardians
A15: PAREDINT | B15: Highest education of parents in years
A16: OCOP1 | B16: Parent 1 occupational code
A17: OCOP2 | B17: Parent 2 occupational code
A18: BP1MJ | B18: Parent/guardian 1's occupational status
A19: BP2MJ | B19: Parent/guardian 2's occupational status
... A35: EXERPRAC | B35: Excersice or practise sport before or after school
A36: IRT scales
A37: HOMEPOS | B37: Home possessions
A38: ICTRES | B38: ICT resources
A39: BELONG | B39: Students' sense of belonging
A40: BULLIED | B40: Student reports on being bullied
A41: FEELSAFE | B41: Student reports on feeling safe
A42: DISCLISCI | B42: Disciplinary climate in school science
A43: TEACHSUP | B43: Teacher support in science classes
A44: COGACSC | B44: Cognitive activation in science classes
A45: SCIECOLLR | B45: Collaborative reasoning in science classes
A46: JOYSCIE | B46: Students' enjoyment of science
A47: EFFSCIE | B47: Science self-efficacy
A48: STBELSCIE | B48: Students' beliefs about the nature of science
... A62: AIUSESCH | B62: Students' AI use at school
A63: Complex composite index
A64: ESCS | B64: Index of economic, social and cultural status

Sheet T22.A.8
A1: Table of Contents
A3: Table 22.A.8
A4: Mapping of ISCED levels to years of education
A6: Index value for P1ISCED/P2ISCED | B6: ISCED level | C6: Median cumulative years of education
A7: 1 | B7: My parent does not have any of these qualifications | C7: 6
A8: 2 | B8: ISCED level 2 (Lower secondary education) | C8: 9
A9: 3 | B9: ISCED level 3.3 (Upper secondary education with no direct access to tertiary education) | C9: 12
A10: 4 | B10: ISCED level 3.4 (Upper secondary education of education with direct access to tertiary education) | C10: 12
A11: 5 | B11: ISCED level 4 (Post-secondary non-tertiary education) | C11: 12
A12: 6 | B12: ISCED level 5 (Short-cycle tertiary education) | C12: 14.5
A13: 7 | B13: ISCED level 6 (Bachelor’s or equivalent) | C13: 16
A14: 8 | B14: ISCED level 7 (Master's or equivalent) | C14: 16
A15: 9 | B15: ISCED level 8 (Doctoral or equivalent) | C15: 16

Sheet T22.A.9
A1: Table of Contents
A3: Table 22.A.9
A4: ISCEDP values and labels
A6: ISCEDP value | B6: ISCEDP label
A7: 244 | B7: Lower secondary general education: Sufficient for level completion with direct access to upper secondary education
A8: 254 | B8: Lower secondary vocational education: Sufficient for level completion with direct access to upper secondary education
A9: 344 | B9: Upper secondary general education: Sufficient for level completion with direct access to tertiary or post-secondary non-tertiary education
A10: 354 | B10: Upper secondary vocational education: Sufficient for level completion with direct access to tertiary or post-secondary non-tertiary education

Sheet T22.A.10
A1: Table of Contents
A3: Table 22.A.10
A4: Creation of EXPECEDU index
A6: Index value | B6: Value label | C6: Index creation rule
A7: 9 | B7: ISCED Level 8 | C7: Assign this score if “Yes” to item ST327Q08JA
A8: 8 | B8: ISCED level 7 | C8: Assign this score if “No” or “IDK” to item ST327Q08JA and “Yes” to item ST327Q07JA
A9: 7 | B9: ISCED Level 6 | C9: Assign this score if “No” or “IDK” to item ST327Q08JA and ST327Q07JA and “Yes” to item ST327Q06JA
A10: 6 | B10: ISCED Level 5 | C10: Assign this score if “No” or “IDK” to item ST327Q08JA and ST327Q07JA and ST327Q06JA and “Yes” to item ST327Q05JA
A11: 5 | B11: ISCED Level 4 | C11: Assign this score if “No” or “IDK” to item ST327Q08JA and ST327Q07JA and ST327Q06JA and ST327Q05JA and “Yes” to item ST327Q04JA
A12: 4 | B12: ISCED Level 3.4 | C12: Assign this score if “No” or “IDK” to item ST327Q08JA and ST327Q07JA and ST327Q06JA and ST327Q05JA and ST327Q04JA and “Yes” to item ST327Q03JA
A13: 3 | B13: ISCED Level 3.3 | C13: Assign this score if “No” or “IDK” to item ST327Q08JA and ST327Q07JA and ST327Q06JA and ST327Q05JA and ST327Q04JA and ST327Q03JA and “Yes” to item ST327Q02JA
A14: 2 | B14: ISCED Level 2 | C14: Assign this score if “No” or “IDK” to item ST327Q08JA and ST327Q07JA and ST327Q06JA and ST327Q05JA and ST327Q04JA and ST327Q03JA and ST327Q02JA and “Yes” to item ST327Q01JA
A15: 1 | B15: Less than ISCED Level 2 | C15: Assign this score if “No” to items 1-8 in this question and “No” or “I don't know” to item 1 in this question

Sheet T22.A.11
A1: Table of Contents
A3: Table 22.A.11
A4: Cronbach's alpha for the IRT scales in the Student Questionnaire
A6: Country/economy (language group) | B6: HOMEPOS | C6: ICTRES | D6: AIUSESCH | E6: BELONG | F6: BULLIED | G6: COGABIL | H6: COGACSC | I6: COLLENEFF | J6: CURIO | K6: DISCLISCI | L6: EFFSCIE | M6: ENGSCIPR | N6: ENPROBS | O6: ENVAPART | P6: ENVAWARE | Q6: ENVCAPCH | R6: FAMSUP | S6: FEELSAFE | T6: GOALSET | U6: JOYSCIE | V6: OPENVLRN | W6: PERSEV | X6: SCIECOLLR | Y6: SELFREG | Z6: TEACHSUP | AA6: STBELSCIE
A7: Albania - Albanian | B7: 0.78 | C7: 0.66 | D7: 0.89 | E7: 0.68 | F7: 0.82 | G7: 0.89 | H7: 0.87 | I7: 0.88 | J7: 0.69 | K7: 0.9 | L7: 0.88 | M7: 0.92 | N7: 0.83 | O7: 0.82 | P7: 0.92 | Q7: 0.87 | R7: 0.93 | S7: 0.86 | T7: 0.86 | U7: 0.92 | V7: 0.84 | W7: 0.54 | X7: 0.84 | Y7: 0.86 | Z7: 0.89 | AA7: 0.86 | AD7: sq-AL | AE7: =VLOOKUP(AD7,GroupLabels!$E$2:$H$145,3,0) -> Albania - Albanian
A8: Argentina - Spanish | B8: 0.79 | C8: 0.68 | D8: 0.87 | E8: 0.75 | F8: 0.76 | G8: 0.78 | H8: 0.8 | I8: 0.83 | J8: 0.77 | K8: 0.88 | L8: 0.84 | M8: 0.88 | N8: 0.78 | O8: 0.77 | P8: 0.86 | Q8: 0.82 | R8: 0.9 | S8: 0.81 | T8: 0.78 | U8: 0.9 | V8: 0.8 | W8: 0.71 | X8: 0.76 | Y8: 0.74 | Z8: 0.9 | AA8: 0.87 | AD8: es-AR | AE8: =VLOOKUP(AD8,GroupLabels!$E$2:$H$145,3,0) -> Argentina - Spanish
A9: Armenia - Armenian | B9: 0.71 | C9: 0.68 | D9: 0.87 | E9: 0.7 | F9: 0.83 | G9: 0.78 | H9: 0.88 | I9: 0.88 | J9: 0.73 | K9: 0.91 | L9: 0.87 | M9: 0.88 | N9: 0.78 | O9: 0.78 | P9: 0.9 | Q9: 0.88 | R9: 0.91 | S9: 0.92 | T9: 0.8 | U9: 0.92 | V9: 0.84 | W9: 0.64 | X9: 0.81 | Y9: 0.8 | Z9: 0.92 | AA9: 0.91 | AD9: hy-AM | AE9: =VLOOKUP(AD9,GroupLabels!$E$2:$H$145,3,0) -> Armenia - Armenian
A10: Australia - English | B10: 0.72 | C10: 0.55 | D10: 0.9 | E10: 0.82 | F10: 0.78 | G10: 0.87 | H10: 0.85 | I10: 0.89 | J10: 0.77 | K10: 0.91 | L10: 0.9 | M10: 0.86 | N10: 0.83 | O10: 0.79 | P10: 0.89 | Q10: 0.82 | R10: 0.87 | S10: 0.89 | T10: 0.85 | U10: 0.95 | V10: 0.83 | W10: 0.78 | X10: 0.79 | Y10: 0.76 | Z10: 0.93 | AA10: 0.86 | AD10: en-AU | AE10: =VLOOKUP(AD10,GroupLabels!$E$2:$H$145,3,0) -> Australia - English
A11: Austria - German | B11: 0.74 | C11: 0.57 | D11: 0.86 | E11: 0.76 | F11: 0.81 | G11: 0.8 | H11: 0.79 | I11: 0.85 | J11: 0.78 | K11: 0.87 | L11: 0.84 | M11: 0.89 | N11: 0.78 | O11: 0.74 | P11: 0.87 | Q11: 0.81 | R11: 0.87 | S11: 0.79 | T11: 0.74 | U11: 0.92 | V11: 0.81 | W11: 0.7 | X11: 0.81 | Y11: 0.7 | Z11: 0.89 | AA11: 0.87 | AD11: de-AT | AE11: =VLOOKUP(AD11,GroupLabels!$E$2:$H$145,3,0) -> Austria - German
A12: Azerbaijan - Azerbaijani | B12: 0.78 | C12: 0.71 | D12: 0.88 | E12: 0.72 | F12: 0.82 | G12: 0.86 | H12: 0.89 | I12: 0.88 | J12: 0.76 | K12: 0.91 | L12: 0.84 | M12: 0.9 | N12: 0.84 | O12: 0.79 | P12: 0.89 | Q12: 0.89 | R12: 0.91 | S12: 0.93 | T12: 0.83 | U12: 0.95 | V12: 0.88 | W12: 0.77 | X12: 0.89 | Y12: 0.82 | Z12: 0.89 | AA12: 0.92 | AD12: az-QZ | AE12: =VLOOKUP(AD12,GroupLabels!$E$2:$H$145,3,0) -> Azerbaijan - Azerbaijani
A13: Azerbaijan - Russian | B13: 0.78 | C13: 0.71 | D13: 0.88 | E13: 0.8 | F13: 0.84 | G13: 0.86 | H13: 0.91 | I13: 0.9 | J13: 0.73 | K13: 0.93 | L13: 0.87 | M13: 0.93 | N13: 0.8 | O13: 0.83 | P13: 0.92 | Q13: 0.87 | R13: 0.91 | S13: 0.89 | T13: 0.82 | U13: 0.92 | V13: 0.88 | W13: 0.7 | X13: 0.89 | Y13: 0.78 | Z13: 0.92 | AA13: 0.91 | AD13: ru-QZ | AE13: =VLOOKUP(AD13,GroupLabels!$E$2:$H$145,3,0) -> Azerbaijan - Russian
A14: Belgium (Flemish Community) - Dutch | B14: 0.71 | C14: 0.54 | D14: 0.83 | E14: 0.77 | F14: 0.73 | G14: 0.81 | H14: 0.8 | I14: 0.84 | J14: 0.79 | K14: 0.88 | L14: 0.86 | M14: 0.88 | N14: 0.81 | O14: 0.76 | P14: 0.88 | Q14: 0.79 | R14: 0.86 | S14: 0.9 | T14: 0.76 | U14: 0.96 | V14: 0.85 | W14: 0.77 | X14: 0.77 | Y14: 0.68 | Z14: 0.91 | AA14: 0.84 | AD14: nl-BE | AE14: =VLOOKUP(AD14,GroupLabels!$E$2:$H$145,3,0) -> Belgium (Flemish Community) - Dutch
A15: Belgium (French Community) - French | B15: 0.73 | C15: 0.54 | D15: 0.85 | E15: 0.74 | F15: 0.79 | G15: 0.76 | H15: 0.79 | I15: 0.82 | J15: 0.78 | K15: 0.87 | L15: 0.83 | M15: 0.88 | N15: 0.76 | O15: 0.74 | P15: 0.84 | Q15: 0.76 | R15: 0.8 | S15: 0.83 | T15: 0.76 | U15: 0.92 | V15: 0.84 | W15: 0.76 | X15: 0.76 | Y15: 0.71 | Z15: 0.89 | AA15: 0.82 | AD15: fr-BE | AE15: =VLOOKUP(AD15,GroupLabels!$E$2:$H$145,3,0) -> Belgium (French Community) - French
A16: Belgium (French Community) - German | B16: 0.69 | C16: 0.53 | D16: 0.86 | E16: 0.72 | F16: 0.79 | G16: 0.77 | H16: 0.8 | I16: 0.88 | J16: 0.79 | K16: 0.9 | L16: 0.87 | M16: 0.92 | N16: 0.78 | O16: 0.77 | P16: 0.89 | Q16: 0.82 | R16: 0.87 | S16: 0.79 | T16: 0.77 | U16: 0.95 | V16: 0.86 | W16: 0.68 | X16: 0.84 | Y16: 0.76 | Z16: 0.91 | AA16: 0.88 | AD16: de-BE | AE16: =VLOOKUP(AD16,GroupLabels!$E$2:$H$145,3,0) -> Belgium (French Community) - German
A17: Brazil - Portuguese | B17: 0.82 | C17: 0.7 | D17: 0.87 | E17: 0.76 | F17: 0.73 | G17: 0.83 | H17: 0.84 | I17: 0.84 | J17: 0.72 | K17: 0.86 | L17: 0.88 | M17: 0.92 | N17: 0.77 | O17: 0.79 | P17: 0.9 | Q17: 0.83 | R17: 0.91 | S17: 0.84 | T17: 0.83 | U17: 0.88 | V17: 0.8 | W17: 0.58 | X17: 0.83 | Y17: 0.76 | Z17: 0.9 | AA17: 0.88 | AD17: pt-BR | AE17: =VLOOKUP(AD17,GroupLabels!$E$2:$H$145,3,0) -> Brazil - Portuguese
A18: Brunei Darussalam - English | B18: 0.79 | C18: 0.65 | D18: 0.85 | E18: 0.72 | F18: 0.73 | G18: 0.79 | H18: 0.78 | I18: 0.79 | J18: 0.71 | K18: 0.79 | L18: 0.82 | M18: 0.85 | N18: 0.75 | O18: 0.69 | P18: 0.85 | Q18: 0.69 | R18: 0.86 | S18: 0.79 | T18: 0.75 | U18: 0.9 | V18: 0.74 | W18: 0.66 | X18: 0.73 | Y18: 0.72 | Z18: 0.85 | AA18: 0.78 | AD18: en-BN | AE18: =VLOOKUP(AD18,GroupLabels!$E$2:$H$145,3,0) -> Brunei Darussalam - English
... A20: Bulgaria - Bulgarian | B20: 0.76 | C20: 0.67 | D20: 0.88 | E20: 0.71 | F20: 0.85 | G20: 0.84 | H20: 0.87 | I20: 0.84 | J20: 0.76 | K20: 0.91 | L20: 0.88 | M20: 0.91 | N20: 0.82 | O20: 0.84 | P20: 0.91 | Q20: 0.84 | R20: 0.9 | S20: 0.88 | T20: 0.78 | U20: 0.89 | V20: 0.83 | W20: 0.73 | X20: 0.84 | Y20: 0.76 | Z20: 0.91 | AA20: 0.89 | AD20: bg-BG | AE20: =VLOOKUP(AD20,GroupLabels!$E$2:$H$145,3,0) -> Bulgaria - Bulgarian
A21: Cambodia - Khmer | B21: 0.84 | C21: 0.66 | D21: a | E21: 0.58 | F21: 0.69 | G21: a | H21: 0.79 | I21: 0.59 | J21: 0.52 | K21: a | L21: 0.78 | M21: 0.82 | N21: a | O21: 0.64 | P21: 0.81 | Q21: 0.56 | R21: 0.85 | S21: 0.79 | T21: a | U21: 0.8 | V21: 0.53 | W21: 0.56 | X21: 0.76 | Y21: a | Z21: a | AA21: 0.61 | AD21: km-KH | AE21: =VLOOKUP(AD21,GroupLabels!$E$2:$H$145,3,0) -> Cambodia - Khmer
A22: Canada - English | B22: 0.77 | C22: 0.6 | D22: 0.91 | E22: 0.81 | F22: 0.81 | G22: 0.88 | H22: 0.82 | I22: 0.9 | J22: 0.76 | K22: 0.89 | L22: 0.88 | M22: 0.89 | N22: 0.84 | O22: 0.81 | P22: 0.9 | Q22: 0.84 | R22: 0.87 | S22: 0.89 | T22: 0.87 | U22: 0.95 | V22: 0.8 | W22: 0.78 | X22: 0.78 | Y22: 0.8 | Z22: a | AA22: 0.91 | AD22: en-CA | AE22: =VLOOKUP(AD22,GroupLabels!$E$2:$H$145,3,0) -> Canada - English
A23: Canada - French | B23: 0.74 | C23: 0.55 | D23: 0.87 | E23: 0.79 | F23: 0.81 | G23: 0.81 | H23: 0.82 | I23: 0.86 | J23: 0.79 | K23: 0.87 | L23: 0.86 | M23: 0.91 | N23: 0.8 | O23: 0.76 | P23: 0.88 | Q23: 0.8 | R23: 0.83 | S23: 0.89 | T23: 0.84 | U23: 0.91 | V23: 0.83 | W23: 0.77 | X23: 0.72 | Y23: 0.74 | Z23: a | AA23: 0.86 | AD23: fr-CA | AE23: =VLOOKUP(AD23,GroupLabels!$E$2:$H$145,3,0) -> Canada - French
A24: Chile - Spanish | B24: 0.82 | C24: 0.69 | D24: 0.86 | E24: 0.77 | F24: 0.79 | G24: 0.86 | H24: 0.88 | I24: 0.89 | J24: 0.74 | K24: 0.89 | L24: 0.88 | M24: 0.9 | N24: 0.79 | O24: 0.8 | P24: 0.88 | Q24: 0.85 | R24: 0.9 | S24: 0.84 | T24: 0.86 | U24: 0.93 | V24: 0.84 | W24: 0.69 | X24: 0.84 | Y24: 0.83 | Z24: 0.92 | AA24: 0.92 | AD24: es-CL | AE24: =VLOOKUP(AD24,GroupLabels!$E$2:$H$145,3,0) -> Chile - Spanish
A25: Colombia - Spanish | B25: 0.85 | C25: 0.74 | D25: 0.87 | E25: 0.73 | F25: 0.74 | G25: 0.83 | H25: 0.86 | I25: 0.88 | J25: 0.8 | K25: 0.85 | L25: 0.86 | M25: 0.91 | N25: 0.82 | O25: 0.77 | P25: 0.89 | Q25: 0.86 | R25: 0.91 | S25: 0.85 | T25: 0.83 | U25: 0.91 | V25: 0.82 | W25: 0.66 | X25: 0.82 | Y25: 0.82 | Z25: 0.9 | AA25: 0.91 | AD25: es-CO | AE25: =VLOOKUP(AD25,GroupLabels!$E$2:$H$145,3,0) -> Colombia - Spanish
A26: Costa Rica - Spanish | B26: a | C26: a | D26: 0.88 | E26: 0.77 | F26: 0.76 | G26: 0.81 | H26: a | I26: 0.86 | J26: 0.79 | K26: 0.81 | L26: 0.82 | M26: 0.88 | N26: 0.79 | O26: 0.74 | P26: 0.87 | Q26: 0.84 | R26: a | S26: 0.83 | T26: 0.8 | U26: 0.92 | V26: 0.83 | W26: 0.77 | X26: 0.78 | Y26: 0.8 | Z26: 0.9 | AA26: 0.89 | AD26: es-CR | AE26: =VLOOKUP(AD26,GroupLabels!$E$2:$H$145,3,0) -> Costa Rica - Spanish
A27: Croatia - Croatian | B27: 0.63 | C27: 0.5 | D27: 0.9 | E27: 0.8 | F27: 0.75 | G27: 0.87 | H27: 0.84 | I27: 0.88 | J27: 0.73 | K27: 0.89 | L27: 0.87 | M27: 0.92 | N27: 0.8 | O27: 0.81 | P27: 0.89 | Q27: 0.85 | R27: 0.87 | S27: 0.87 | T27: 0.83 | U27: 0.93 | V27: 0.85 | W27: 0.74 | X27: 0.84 | Y27: 0.78 | Z27: 0.9 | AA27: 0.89 | AD27: hr-HR | AE27: =VLOOKUP(AD27,GroupLabels!$E$2:$H$145,3,0) -> Croatia - Croatian
A28: Cyprus - English* | B28: 0.8 | C28: 0.66 | D28: 0.88 | E28: 0.76 | F28: 0.86 | G28: 0.86 | H28: 0.84 | I28: 0.88 | J28: 0.76 | K28: 0.91 | L28: 0.88 | M28: 0.88 | N28: 0.83 | O28: 0.8 | P28: 0.9 | Q28: 0.83 | R28: 0.87 | S28: 0.9 | T28: 0.81 | U28: 0.95 | V28: 0.84 | W28: 0.76 | X28: 0.82 | Y28: 0.72 | Z28: 0.93 | AA28: 0.88 | AD28: en-CY | AE28: =VLOOKUP(AD28,GroupLabels!$E$2:$H$145,3,0) -> Cyprus - English*
A29: Cyprus - Modern Greek* | B29: 0.8 | C29: 0.7 | D29: 0.88 | E29: 0.76 | F29: 0.88 | G29: 0.84 | H29: 0.85 | I29: 0.86 | J29: 0.78 | K29: 0.9 | L29: 0.89 | M29: 0.91 | N29: 0.81 | O29: 0.85 | P29: 0.9 | Q29: 0.85 | R29: 0.89 | S29: 0.87 | T29: 0.82 | U29: 0.92 | V29: 0.86 | W29: 0.77 | X29: 0.83 | Y29: 0.8 | Z29: 0.93 | AA29: 0.9 | AD29: el-CY | AE29: =VLOOKUP(AD29,GroupLabels!$E$2:$H$145,3,0) -> Cyprus - Modern Greek*
A30: Czechia - Czech | B30: 0.73 | C30: 0.5 | D30: 0.87 | E30: 0.79 | F30: 0.75 | G30: 0.8 | H30: 0.82 | I30: 0.81 | J30: 0.74 | K30: 0.87 | L30: 0.84 | M30: 0.92 | N30: 0.74 | O30: 0.74 | P30: 0.87 | Q30: 0.78 | R30: 0.87 | S30: 0.84 | T30: 0.79 | U30: 0.91 | V30: 0.8 | W30: 0.73 | X30: 0.82 | Y30: 0.68 | Z30: 0.88 | AA30: 0.87 | AD30: cs-CZ | AE30: =VLOOKUP(AD30,GroupLabels!$E$2:$H$145,3,0) -> Czechia - Czech
A31: Denmark - Danish | B31: 0.68 | C31: 0.5 | D31: 0.9 | E31: 0.79 | F31: 0.77 | G31: 0.83 | H31: 0.82 | I31: 0.81 | J31: 0.8 | K31: 0.86 | L31: 0.86 | M31: 0.86 | N31: 0.76 | O31: 0.75 | P31: 0.85 | Q31: 0.76 | R31: 0.85 | S31: a | T31: 0.8 | U31: 0.94 | V31: 0.73 | W31: 0.79 | X31: 0.76 | Y31: 0.65 | Z31: 0.89 | AA31: 0.85 | AD31: da-DK | AE31: =VLOOKUP(AD31,GroupLabels!$E$2:$H$145,3,0) -> Denmark - Danish
A32: Denmark - Faroese | B32: 0.57 | C32: 0.5 | D32: 0.86 | E32: 0.84 | F32: 0.78 | G32: 0.81 | H32: 0.8 | I32: 0.76 | J32: 0.78 | K32: 0.85 | L32: 0.85 | M32: 0.79 | N32: 0.72 | O32: 0.72 | P32: 0.8 | Q32: 0.67 | R32: 0.86 | S32: a | T32: 0.77 | U32: 0.92 | V32: 0.77 | W32: 0.75 | X32: 0.69 | Y32: 0.8 | Z32: 0.86 | AA32: 0.75 | AD32: fo-DK | AE32: =VLOOKUP(AD32,GroupLabels!$E$2:$H$145,3,0) -> Denmark - Faroese
A33: Dominican Republic - Spanish | B33: 0.83 | C33: 0.72 | D33: 0.86 | E33: 0.7 | F33: 0.73 | G33: 0.8 | H33: 0.85 | I33: 0.86 | J33: 0.8 | K33: 0.87 | L33: 0.85 | M33: 0.91 | N33: 0.78 | O33: 0.77 | P33: 0.89 | Q33: 0.88 | R33: 0.89 | S33: 0.78 | T33: 0.83 | U33: 0.91 | V33: 0.83 | W33: 0.81 | X33: 0.84 | Y33: 0.8 | Z33: 0.88 | AA33: 0.91 | AD33: es-DO | AE33: =VLOOKUP(AD33,GroupLabels!$E$2:$H$145,3,0) -> Dominican Republic - Spanish
A34: Dushanbe (Tajikistan) - Russian | B34: 0.76 | C34: 0.72 | D34: a | E34: 0.69 | F34: 0.63 | G34: a | H34: 0.82 | I34: 0.8 | J34: 0.7 | K34: a | L34: 0.8 | M34: 0.84 | N34: a | O34: 0.76 | P34: 0.88 | Q34: 0.75 | R34: 0.89 | S34: 0.87 | T34: a | U34: 0.86 | V34: 0.74 | W34: 0.59 | X34: 0.8 | Y34: a | Z34: a | AA34: 0.85 | AD34: ru-TJ | AE34: =VLOOKUP(AD34,GroupLabels!$E$2:$H$145,3,0) -> Dushanbe (Tajikistan) - Russian
A35: Dushanbe (Tajikistan) - Tajik | B35: 0.74 | C35: 0.72 | D35: a | E35: 0.67 | F35: 0.79 | G35: a | H35: 0.89 | I35: 0.81 | J35: 0.8 | K35: a | L35: 0.86 | M35: 0.89 | N35: a | O35: 0.8 | P35: 0.88 | Q35: 0.81 | R35: 0.92 | S35: 0.91 | T35: a | U35: 0.9 | V35: 0.81 | W35: 0.85 | X35: 0.9 | Y35: a | Z35: a | AA35: 0.84 | AD35: tg-TJ | AE35: =VLOOKUP(AD35,GroupLabels!$E$2:$H$145,3,0) -> Dushanbe (Tajikistan) - Tajik
A36: Ecuador - Spanish | B36: 0.85 | C36: 0.72 | D36: 0.87 | E36: 0.68 | F36: 0.7 | G36: 0.79 | H36: 0.85 | I36: 0.87 | J36: 0.78 | K36: 0.84 | L36: 0.84 | M36: 0.91 | N36: 0.78 | O36: 0.75 | P36: 0.87 | Q36: 0.84 | R36: 0.89 | S36: 0.8 | T36: 0.82 | U36: 0.93 | V36: 0.8 | W36: 0.67 | X36: 0.79 | Y36: 0.8 | Z36: 0.9 | AA36: 0.89 | AD36: es-EC | AE36: =VLOOKUP(AD36,GroupLabels!$E$2:$H$145,3,0) -> Ecuador - Spanish
A37: El Salvador - Spanish | B37: 0.79 | C37: 0.59 | D37: 0.89 | E37: 0.72 | F37: 0.75 | G37: 0.86 | H37: 0.88 | I37: 0.88 | J37: 0.82 | K37: 0.88 | L37: 0.87 | M37: 0.93 | N37: 0.85 | O37: 0.8 | P37: 0.9 | Q37: 0.88 | R37: 0.91 | S37: 0.86 | T37: 0.86 | U37: 0.93 | V37: 0.82 | W37: 0.83 | X37: 0.85 | Y37: 0.82 | Z37: 0.91 | AA37: 0.92 | AD37: es-SV | AE37: =VLOOKUP(AD37,GroupLabels!$E$2:$H$145,3,0) -> El Salvador - Spanish
A38: Estonia - Estonian | B38: 0.68 | C38: 0.49 | D38: 0.86 | E38: 0.78 | F38: 0.77 | G38: 0.84 | H38: 0.79 | I38: 0.8 | J38: 0.79 | K38: 0.88 | L38: 0.82 | M38: 0.88 | N38: 0.8 | O38: 0.74 | P38: 0.83 | Q38: 0.75 | R38: 0.88 | S38: 0.87 | T38: 0.78 | U38: 0.92 | V38: 0.76 | W38: 0.76 | X38: 0.78 | Y38: 0.72 | Z38: 0.9 | AA38: 0.8 | AD38: et-EE | AE38: =VLOOKUP(AD38,GroupLabels!$E$2:$H$145,3,0) -> Estonia - Estonian
A39: Estonia - Russian | B39: 0.69 | C39: 0.54 | D39: 0.84 | E39: 0.81 | F39: 0.78 | G39: 0.85 | H39: 0.83 | I39: 0.86 | J39: 0.82 | K39: 0.89 | L39: 0.84 | M39: 0.86 | N39: 0.77 | O39: 0.77 | P39: 0.86 | Q39: 0.79 | R39: 0.89 | S39: 0.88 | T39: 0.76 | U39: 0.9 | V39: 0.81 | W39: 0.72 | X39: 0.83 | Y39: 0.69 | Z39: 0.87 | AA39: 0.87 | AD39: ru-EE | AE39: =VLOOKUP(AD39,GroupLabels!$E$2:$H$145,3,0) -> Estonia - Russian
A40: Finland - Finnish | B40: 0.64 | C40: 0.51 | D40: 0.92 | E40: 0.84 | F40: 0.85 | G40: 0.86 | H40: 0.83 | I40: 0.9 | J40: 0.78 | K40: 0.9 | L40: 0.89 | M40: 0.91 | N40: 0.83 | O40: 0.79 | P40: 0.9 | Q40: 0.85 | R40: 0.91 | S40: 0.89 | T40: 0.84 | U40: 0.94 | V40: 0.82 | W40: 0.8 | X40: 0.77 | Y40: 0.78 | Z40: 0.92 | AA40: 0.91 | AD40: fi-FI | AE40: =VLOOKUP(AD40,GroupLabels!$E$2:$H$145,3,0) -> Finland - Finnish
A41: Finland - Swedish | B41: 0.65 | C41: 0.56 | D41: 0.91 | E41: 0.84 | F41: 0.82 | G41: 0.86 | H41: 0.84 | I41: 0.88 | J41: 0.79 | K41: 0.88 | L41: 0.87 | M41: 0.91 | N41: 0.85 | O41: 0.73 | P41: 0.89 | Q41: 0.84 | R41: 0.89 | S41: 0.89 | T41: 0.84 | U41: 0.93 | V41: 0.79 | W41: 0.67 | X41: 0.8 | Y41: 0.77 | Z41: 0.9 | AA41: 0.89 | AD41: sv-FI | AE41: =VLOOKUP(AD41,GroupLabels!$E$2:$H$145,3,0) -> Finland - Swedish
A42: France - French | B42: 0.7 | C42: 0.57 | D42: 0.86 | E42: 0.71 | F42: 0.78 | G42: 0.81 | H42: 0.82 | I42: 0.87 | J42: 0.78 | K42: 0.88 | L42: 0.86 | M42: 0.87 | N42: 0.79 | O42: 0.75 | P42: 0.89 | Q42: 0.79 | R42: 0.84 | S42: 0.87 | T42: 0.8 | U42: 0.91 | V42: 0.81 | W42: 0.76 | X42: 0.71 | Y42: 0.74 | Z42: 0.9 | AA42: 0.86 | AD42: fr-FR | AE42: =VLOOKUP(AD42,GroupLabels!$E$2:$H$145,3,0) -> France - French
A43: Georgia - Azerbaijani | B43: 0.65 | C43: 0.55 | D43: 0.85 | E43: 0.66 | F43: 0.81 | G43: 0.85 | H43: 0.84 | I43: 0.87 | J43: 0.82 | K43: 0.87 | L43: 0.88 | M43: 0.87 | N43: 0.82 | O43: 0.84 | P43: 0.89 | Q43: 0.88 | R43: 0.87 | S43: 0.9 | T43: 0.8 | U43: 0.93 | V43: 0.86 | W43: 0.86 | X43: 0.8 | Y43: 0.83 | Z43: 0.86 | AA43: 0.89 | AD43: az-GE | AE43: =VLOOKUP(AD43,GroupLabels!$E$2:$H$145,3,0) -> Georgia - Azerbaijani
A44: Georgia - Georgian | B44: 0.69 | C44: 0.61 | D44: 0.88 | E44: 0.69 | F44: 0.81 | G44: 0.84 | H44: 0.85 | I44: 0.85 | J44: 0.75 | K44: 0.9 | L44: 0.85 | M44: 0.9 | N44: 0.77 | O44: 0.8 | P44: 0.89 | Q44: 0.85 | R44: 0.89 | S44: 0.92 | T44: 0.82 | U44: 0.89 | V44: 0.82 | W44: 0.62 | X44: 0.84 | Y44: 0.78 | Z44: 0.87 | AA44: 0.9 | AD44: ka-GE | AE44: =VLOOKUP(AD44,GroupLabels!$E$2:$H$145,3,0) -> Georgia - Georgian
A45: Georgia - Russian | B45: 0.77 | C45: 0.61 | D45: 0.87 | E45: 0.72 | F45: 0.68 | G45: 0.82 | H45: 0.78 | I45: 0.74 | J45: 0.81 | K45: 0.93 | L45: 0.81 | M45: 0.86 | N45: 0.79 | O45: 0.76 | P45: 0.85 | Q45: 0.76 | R45: 0.9 | S45: 0.86 | T45: 0.75 | U45: 0.85 | V45: 0.77 | W45: 0.75 | X45: 0.85 | Y45: 0.76 | Z45: 0.85 | AA45: 0.91 | AD45: ru-GE | AE45: =VLOOKUP(AD45,GroupLabels!$E$2:$H$145,3,0) -> Georgia - Russian
A46: Germany - German | B46: 0.76 | C46: 0.59 | D46: 0.84 | E46: 0.78 | F46: 0.75 | G46: 0.76 | H46: 0.7 | I46: 0.82 | J46: 0.79 | K46: 0.84 | L46: 0.81 | M46: 0.82 | N46: 0.76 | O46: 0.74 | P46: 0.85 | Q46: 0.76 | R46: 0.85 | S46: a | T46: 0.74 | U46: 0.93 | V46: 0.75 | W46: 0.72 | X46: 0.76 | Y46: 0.69 | Z46: 0.88 | AA46: 0.79 | AD46: de-DE | AE46: =VLOOKUP(AD46,GroupLabels!$E$2:$H$145,3,0) -> Germany - German
A47: Greece - Modern Greek | B47: 0.69 | C47: 0.57 | D47: 0.86 | E47: 0.79 | F47: 0.77 | G47: 0.81 | H47: 0.77 | I47: 0.81 | J47: 0.75 | K47: 0.84 | L47: 0.84 | M47: 0.89 | N47: 0.76 | O47: 0.75 | P47: 0.81 | Q47: 0.8 | R47: 0.88 | S47: 0.86 | T47: 0.76 | U47: 0.91 | V47: 0.85 | W47: 0.67 | X47: 0.75 | Y47: 0.69 | Z47: 0.88 | AA47: 0.85 | AD47: el-GR | AE47: =VLOOKUP(AD47,GroupLabels!$E$2:$H$145,3,0) -> Greece - Modern Greek
A48: Guatemala - Spanish | B48: 0.83 | C48: 0.72 | D48: 0.89 | E48: 0.56 | F48: 0.66 | G48: 0.81 | H48: 0.85 | I48: 0.87 | J48: 0.84 | K48: 0.86 | L48: 0.84 | M48: 0.92 | N48: 0.82 | O48: 0.77 | P48: 0.86 | Q48: 0.88 | R48: 0.91 | S48: 0.8 | T48: 0.84 | U48: 0.93 | V48: 0.84 | W48: 0.79 | X48: 0.82 | Y48: 0.84 | Z48: 0.87 | AA48: 0.89 | AD48: es-GT | AE48: =VLOOKUP(AD48,GroupLabels!$E$2:$H$145,3,0) -> Guatemala - Spanish
A49: Hong Kong (China) - Chinese | B49: 0.77 | C49: 0.63 | D49: 0.9 | E49: 0.77 | F49: 0.8 | G49: 0.88 | H49: 0.91 | I49: 0.93 | J49: 0.75 | K49: 0.92 | L49: 0.92 | M49: 0.93 | N49: 0.86 | O49: 0.83 | P49: 0.92 | Q49: 0.87 | R49: 0.91 | S49: 0.9 | T49: 0.89 | U49: 0.97 | V49: 0.89 | W49: 0.68 | X49: 0.89 | Y49: 0.81 | Z49: 0.94 | AA49: 0.92 | AD49: zh-HK | AE49: =VLOOKUP(AD49,GroupLabels!$E$2:$H$145,3,0) -> Hong Kong (China) - Chinese
A50: Hong Kong (China) - English | B50: 0.78 | C50: 0.6 | D50: 0.88 | E50: 0.73 | F50: 0.79 | G50: 0.85 | H50: 0.88 | I50: 0.9 | J50: 0.76 | K50: 0.88 | L50: 0.89 | M50: 0.9 | N50: 0.82 | O50: 0.84 | P50: 0.9 | Q50: 0.84 | R50: 0.9 | S50: 0.92 | T50: 0.82 | U50: 0.96 | V50: 0.86 | W50: 0.73 | X50: 0.85 | Y50: 0.77 | Z50: 0.93 | AA50: 0.91 | AD50: en-HK | AE50: =VLOOKUP(AD50,GroupLabels!$E$2:$H$145,3,0) -> Hong Kong (China) - English
A51: Hungary - Hungarian | B51: 0.76 | C51: 0.6 | D51: 0.86 | E51: 0.77 | F51: 0.79 | G51: 0.8 | H51: 0.77 | I51: 0.83 | J51: 0.76 | K51: 0.89 | L51: 0.84 | M51: 0.89 | N51: 0.77 | O51: 0.72 | P51: 0.85 | Q51: 0.78 | R51: 0.86 | S51: 0.87 | T51: 0.75 | U51: 0.92 | V51: 0.82 | W51: 0.73 | X51: 0.8 | Y51: 0.71 | Z51: 0.9 | AA51: 0.83 | AD51: hu-HU | AE51: =VLOOKUP(AD51,GroupLabels!$E$2:$H$145,3,0) -> Hungary - Hungarian
A52: Iceland - Icelandic | B52: 0.72 | C52: 0.53 | D52: 0.92 | E52: 0.83 | F52: 0.8 | G52: 0.89 | H52: 0.87 | I52: 0.91 | J52: 0.79 | K52: 0.88 | L52: 0.92 | M52: 0.92 | N52: 0.84 | O52: 0.82 | P52: 0.88 | Q52: 0.89 | R52: 0.85 | S52: 0.94 | T52: 0.83 | U52: 0.95 | V52: 0.84 | W52: 0.81 | X52: 0.85 | Y52: 0.8 | Z52: 0.93 | AA52: 0.91 | AD52: is-IS | AE52: =VLOOKUP(AD52,GroupLabels!$E$2:$H$145,3,0) -> Iceland - Icelandic
A53: Indonesia - Indonesian | B53: 0.79 | C53: 0.63 | D53: 0.85 | E53: 0.72 | F53: 0.73 | G53: 0.84 | H53: 0.88 | I53: 0.84 | J53: 0.74 | K53: 0.84 | L53: 0.87 | M53: 0.91 | N53: 0.68 | O53: 0.76 | P53: 0.89 | Q53: 0.82 | R53: 0.88 | S53: 0.81 | T53: 0.8 | U53: 0.91 | V53: 0.82 | W53: 0.56 | X53: 0.76 | Y53: 0.81 | Z53: 0.88 | AA53: 0.84 | AD53: id-ID | AE53: =VLOOKUP(AD53,GroupLabels!$E$2:$H$145,3,0) -> Indonesia - Indonesian
A54: Ireland - English | B54: 0.75 | C54: 0.58 | D54: 0.89 | E54: 0.82 | F54: 0.77 | G54: 0.81 | H54: 0.8 | I54: 0.88 | J54: 0.78 | K54: 0.87 | L54: 0.86 | M54: 0.85 | N54: 0.79 | O54: 0.72 | P54: 0.87 | Q54: 0.78 | R54: 0.84 | S54: 0.88 | T54: 0.82 | U54: 0.94 | V54: 0.77 | W54: 0.79 | X54: 0.72 | Y54: 0.7 | Z54: 0.91 | AA54: 0.81 | AD54: en-IE | AE54: =VLOOKUP(AD54,GroupLabels!$E$2:$H$145,3,0) -> Ireland - English
A55: Ireland - Irish Gaeilge | B55: 0.64 | C55: 0.56 | D55: 0.92 | E55: 0.8 | F55: 0.81 | G55: 0.82 | H55: 0.85 | I55: 0.88 | J55: 0.77 | K55: 0.9 | L55: 0.88 | M55: 0.89 | N55: 0.77 | O55: 0.8 | P55: 0.87 | Q55: 0.83 | R55: 0.89 | S55: 0.94 | T55: 0.81 | U55: 0.94 | V55: 0.84 | W55: 0.63 | X55: 0.83 | Y55: 0.71 | Z55: 0.93 | AA55: 0.85 | AD55: ga-IE | AE55: =VLOOKUP(AD55,GroupLabels!$E$2:$H$145,3,0) -> Ireland - Irish Gaeilge
A56: Israel - Arabic* | B56: 0.76 | C56: 0.75 | D56: 0.88 | E56: 0.64 | F56: 0.89 | G56: 0.88 | H56: 0.88 | I56: 0.88 | J56: 0.82 | K56: 0.92 | L56: 0.88 | M56: 0.92 | N56: 0.84 | O56: 0.87 | P56: 0.9 | Q56: 0.87 | R56: 0.93 | S56: 0.87 | T56: 0.83 | U56: 0.9 | V56: 0.89 | W56: 0.79 | X56: 0.87 | Y56: 0.83 | Z56: 0.91 | AA56: 0.88 | AD56: ar-IL | AE56: =VLOOKUP(AD56,GroupLabels!$E$2:$H$145,3,0) -> Israel - Arabic*
A57: Israel - Haredi* | B57: 0.32 | C57: a | D57: a | E57: 0.79 | F57: a | G57: 0.82 | H57: 0.85 | I57: 0.86 | J57: 0.77 | K57: 0.93 | L57: 0.91 | M57: 0.92 | N57: 0.85 | O57: 0.69 | P57: 0.86 | Q57: 0.84 | R57: 0.85 | S57: 0.86 | T57: 0.77 | U57: 0.95 | V57: 0.82 | W57: 0.67 | X57: 0.84 | Y57: 0.79 | Z57: 0.91 | AA57: 0.9 | AD57: he-IL-x-haredi | AE57: =VLOOKUP(AD57,GroupLabels!$E$2:$H$145,3,0) -> Israel - Haredi*
A58: Israel - Hebrew* | B58: 0.52 | C58: 0.6 | D58: 0.89 | E58: 0.79 | F58: 0.84 | G58: 0.84 | H58: 0.85 | I58: 0.88 | J58: 0.79 | K58: 0.9 | L58: 0.91 | M58: 0.93 | N58: 0.83 | O58: 0.84 | P58: 0.89 | Q58: 0.84 | R58: 0.87 | S58: 0.87 | T58: 0.82 | U58: 0.95 | V58: 0.82 | W58: 0.68 | X58: 0.84 | Y58: 0.77 | Z58: 0.91 | AA58: 0.9 | AD58: he-IL | AE58: =VLOOKUP(AD58,GroupLabels!$E$2:$H$145,3,0) -> Israel - Hebrew*
A59: Italy - German | B59: 0.68 | C59: 0.5 | D59: 0.86 | E59: 0.74 | F59: 0.85 | G59: 0.78 | H59: 0.76 | I59: 0.83 | J59: 0.78 | K59: 0.86 | L59: 0.83 | M59: 0.88 | N59: 0.77 | O59: 0.73 | P59: 0.86 | Q59: 0.8 | R59: 0.84 | S59: 0.83 | T59: 0.72 | U59: 0.93 | V59: 0.8 | W59: 0.71 | X59: 0.82 | Y59: 0.72 | Z59: 0.89 | AA59: 0.86 | AD59: de-IT | AE59: =VLOOKUP(AD59,GroupLabels!$E$2:$H$145,3,0) -> Italy - German
A60: Italy - Italian | B60: 0.74 | C60: 0.56 | D60: 0.86 | E60: 0.79 | F60: 0.72 | G60: 0.72 | H60: 0.73 | I60: 0.8 | J60: 0.77 | K60: 0.87 | L60: 0.81 | M60: 0.87 | N60: 0.73 | O60: 0.71 | P60: 0.82 | Q60: 0.75 | R60: 0.79 | S60: 0.8 | T60: 0.67 | U60: 0.91 | V60: 0.79 | W60: 0.75 | X60: 0.75 | Y60: 0.63 | Z60: 0.89 | AA60: 0.77 | AD60: it-IT | AE60: =VLOOKUP(AD60,GroupLabels!$E$2:$H$145,3,0) -> Italy - Italian
A61: Japan - Japanese | B61: 0.68 | C61: 0.58 | D61: 0.88 | E61: 0.79 | F61: 0.73 | G61: 0.87 | H61: 0.88 | I61: 0.88 | J61: 0.8 | K61: 0.85 | L61: 0.89 | M61: 0.9 | N61: 0.86 | O61: 0.65 | P61: 0.89 | Q61: 0.8 | R61: 0.86 | S61: a | T61: 0.81 | U61: 0.95 | V61: 0.91 | W61: 0.84 | X61: 0.88 | Y61: 0.69 | Z61: 0.9 | AA61: 0.88 | AD61: ja-JP | AE61: =VLOOKUP(AD61,GroupLabels!$E$2:$H$145,3,0) -> Japan - Japanese
A62: Jordan - Arabic | B62: 0.82 | C62: 0.71 | D62: 0.87 | E62: 0.67 | F62: 0.74 | G62: 0.83 | H62: 0.84 | I62: 0.81 | J62: 0.76 | K62: 0.88 | L62: 0.83 | M62: 0.89 | N62: 0.79 | O62: 0.79 | P62: 0.9 | Q62: 0.82 | R62: 0.89 | S62: 0.82 | T62: 0.75 | U62: 0.88 | V62: 0.81 | W62: 0.72 | X62: 0.84 | Y62: 0.79 | Z62: 0.89 | AA62: 0.84 | AD62: ar-JO | AE62: =VLOOKUP(AD62,GroupLabels!$E$2:$H$145,3,0) -> Jordan - Arabic
A63: Kazakhstan - Kazakh | B63: 0.76 | C63: 0.66 | D63: 0.9 | E63: 0.71 | F63: 0.8 | G63: 0.83 | H63: 0.89 | I63: 0.88 | J63: 0.78 | K63: 0.88 | L63: 0.88 | M63: 0.91 | N63: 0.84 | O63: 0.79 | P63: 0.91 | Q63: 0.88 | R63: 0.92 | S63: 0.96 | T63: 0.87 | U63: 0.93 | V63: 0.86 | W63: 0.76 | X63: 0.89 | Y63: 0.85 | Z63: 0.9 | AA63: 0.9 | AD63: kk-KZ | AE63: =VLOOKUP(AD63,GroupLabels!$E$2:$H$145,3,0) -> Kazakhstan - Kazakh
A64: Kazakhstan - Russian | B64: 0.73 | C64: 0.58 | D64: 0.87 | E64: 0.75 | F64: 0.82 | G64: 0.87 | H64: 0.86 | I64: 0.9 | J64: 0.79 | K64: 0.91 | L64: 0.86 | M64: 0.91 | N64: 0.83 | O64: 0.83 | P64: 0.92 | Q64: 0.86 | R64: 0.91 | S64: 0.91 | T64: 0.84 | U64: 0.95 | V64: 0.85 | W64: 0.55 | X64: 0.87 | Y64: 0.81 | Z64: 0.91 | AA64: 0.92 | AD64: ru-KZ | AE64: =VLOOKUP(AD64,GroupLabels!$E$2:$H$145,3,0) -> Kazakhstan - Russian
A65: Kenya - English | B65: 0.87 | C65: 0.76 | D65: 0.86 | E65: 0.6 | F65: 0.61 | G65: 0.74 | H65: 0.78 | I65: 0.71 | J65: 0.64 | K65: 0.79 | L65: 0.78 | M65: 0.83 | N65: 0.7 | O65: 0.71 | P65: 0.79 | Q65: 0.76 | R65: 0.86 | S65: 0.65 | T65: 0.77 | U65: 0.83 | V65: 0.75 | W65: 0.56 | X65: 0.73 | Y65: 0.79 | Z65: 0.79 | AA65: 0.69 | AD65: en-KE | AE65: =VLOOKUP(AD65,GroupLabels!$E$2:$H$145,3,0) -> Kenya - English
A66: Korea - Korean | B66: 0.72 | C66: 0.52 | D66: 0.91 | E66: 0.82 | F66: 0.73 | G66: 0.84 | H66: 0.88 | I66: 0.92 | J66: 0.8 | K66: 0.87 | L66: 0.91 | M66: 0.92 | N66: 0.85 | O66: 0.81 | P66: 0.88 | Q66: 0.87 | R66: 0.92 | S66: 0.92 | T66: 0.84 | U66: 0.96 | V66: 0.91 | W66: 0.81 | X66: 0.93 | Y66: 0.8 | Z66: 0.92 | AA66: 0.88 | AD66: ko-KR | AE66: =VLOOKUP(AD66,GroupLabels!$E$2:$H$145,3,0) -> Korea - Korean
A67: Kosovo - Albanian* | B67: 0.73 | C67: 0.61 | D67: 0.86 | E67: 0.63 | F67: 0.79 | G67: 0.83 | H67: 0.79 | I67: 0.81 | J67: 0.75 | K67: 0.89 | L67: 0.84 | M67: 0.89 | N67: 0.79 | O67: 0.78 | P67: 0.87 | Q67: 0.83 | R67: 0.92 | S67: 0.85 | T67: 0.82 | U67: 0.86 | V67: 0.8 | W67: 0.71 | X67: 0.76 | Y67: 0.82 | Z67: 0.83 | AA67: 0.83 | AD67: sq-XK | AE67: =VLOOKUP(AD67,GroupLabels!$E$2:$H$145,3,0) -> Kosovo - Albanian*
A68: Kurdistan Region (Iraq) - Bahdini* | B68: 0.75 | C68: 0.66 | D68: a | E68: 0.51 | F68: 0.73 | G68: a | H68: 0.83 | I68: 0.76 | J68: 0.72 | K68: a | L68: 0.79 | M68: 0.82 | N68: a | O68: 0.75 | P68: 0.81 | Q68: 0.75 | R68: 0.85 | S68: 0.78 | T68: a | U68: 0.9 | V68: 0.8 | W68: 0.7 | X68: 0.84 | Y68: a | Z68: a | AA68: 0.76 | AD68: kmr-Arab-IQ | AE68: =VLOOKUP(AD68,GroupLabels!$E$2:$H$145,3,0) -> Kurdistan Region (Iraq) - Bahdini*
A69: Kurdistan Region (Iraq) - English* | B69: 0.81 | C69: 0.68 | D69: a | E69: 0.73 | F69: 0.7 | G69: a | H69: 0.77 | I69: 0.8 | J69: 0.71 | K69: a | L69: 0.77 | M69: 0.76 | N69: a | O69: 0.65 | P69: 0.79 | Q69: 0.74 | R69: 0.85 | S69: 0.75 | T69: a | U69: 0.9 | V69: 0.75 | W69: 0.75 | X69: 0.81 | Y69: a | Z69: a | AA69: 0.62 | AD69: en-IQ-x-kurdstan | AE69: =VLOOKUP(AD69,GroupLabels!$E$2:$H$145,3,0) -> Kurdistan Region (Iraq) - English*
A70: Kurdistan Region (Iraq) - Sorani* | B70: 0.72 | C70: 0.58 | D70: a | E70: 0.62 | F70: 0.7 | G70: a | H70: 0.85 | I70: 0.77 | J70: 0.75 | K70: a | L70: 0.8 | M70: 0.87 | N70: a | O70: 0.72 | P70: 0.83 | Q70: 0.81 | R70: 0.88 | S70: 0.83 | T70: a | U70: 0.9 | V70: 0.82 | W70: 0.67 | X70: 0.83 | Y70: a | Z70: a | AA70: 0.78 | AD70: ckb-Arab-IQ | AE70: =VLOOKUP(AD70,GroupLabels!$E$2:$H$145,3,0) -> Kurdistan Region (Iraq) - Sorani*
A71: Kyrgyzstan - Kyrgyz / Kirghiz | B71: 0.68 | C71: 0.57 | D71: 0.87 | E71: 0.64 | F71: 0.75 | G71: 0.79 | H71: 0.84 | I71: 0.79 | J71: 0.74 | K71: 0.84 | L71: 0.81 | M71: 0.87 | N71: 0.73 | O71: 0.76 | P71: 0.86 | Q71: 0.79 | R71: 0.88 | S71: 0.96 | T71: 0.77 | U71: 0.86 | V71: 0.81 | W71: 0.74 | X71: 0.84 | Y71: 0.76 | Z71: 0.85 | AA71: 0.8 | AD71: ky-KG | AE71: =VLOOKUP(AD71,GroupLabels!$E$2:$H$145,3,0) -> Kyrgyzstan - Kyrgyz / Kirghiz
A72: Kyrgyzstan - Russian | B72: 0.7 | C72: 0.64 | D72: 0.88 | E72: 0.77 | F72: 0.68 | G72: 0.84 | H72: 0.81 | I72: 0.86 | J72: 0.81 | K72: 0.88 | L72: 0.84 | M72: 0.89 | N72: 0.78 | O72: 0.77 | P72: 0.88 | Q72: 0.78 | R72: 0.91 | S72: 0.9 | T72: 0.77 | U72: 0.85 | V72: 0.82 | W72: 0.64 | X72: 0.82 | Y72: 0.72 | Z72: 0.87 | AA72: 0.87 | AD72: ru-KG | AE72: =VLOOKUP(AD72,GroupLabels!$E$2:$H$145,3,0) -> Kyrgyzstan - Russian
A73: Kyrgyzstan - Uzbekistani | B73: 0.69 | C73: 0.61 | D73: 0.88 | E73: 0.61 | F73: 0.67 | G73: 0.83 | H73: 0.85 | I73: 0.82 | J73: 0.79 | K73: 0.86 | L73: 0.82 | M73: 0.85 | N73: 0.77 | O73: 0.76 | P73: 0.88 | Q73: 0.83 | R73: 0.86 | S73: 0.93 | T73: 0.73 | U73: 0.88 | V73: 0.76 | W73: 0.76 | X73: 0.77 | Y73: 0.79 | Z73: 0.85 | AA73: 0.84 | AD73: uz-KG | AE73: =VLOOKUP(AD73,GroupLabels!$E$2:$H$145,3,0) -> Kyrgyzstan - Uzbekistani
A74: Latvia - Latvian | B74: 0.74 | C74: 0.56 | D74: 0.87 | E74: 0.77 | F74: 0.82 | G74: 0.84 | H74: 0.84 | I74: 0.83 | J74: 0.75 | K74: 0.89 | L74: 0.82 | M74: 0.86 | N74: 0.79 | O74: 0.76 | P74: 0.85 | Q74: 0.8 | R74: 0.9 | S74: 0.84 | T74: 0.77 | U74: 0.92 | V74: 0.78 | W74: 0.64 | X74: 0.82 | Y74: 0.75 | Z74: 0.87 | AA74: 0.88 | AD74: lv-LV | AE74: =VLOOKUP(AD74,GroupLabels!$E$2:$H$145,3,0) -> Latvia - Latvian
A75: Lebanon - English* | B75: 0.81 | C75: 0.7 | D75: 0.83 | E75: 0.69 | F75: 0.79 | G75: 0.84 | H75: 0.81 | I75: 0.8 | J75: 0.7 | K75: 0.88 | L75: 0.83 | M75: 0.84 | N75: 0.79 | O75: 0.79 | P75: 0.84 | Q75: 0.79 | R75: 0.87 | S75: 0.83 | T75: 0.75 | U75: 0.89 | V75: 0.77 | W75: 0.6 | X75: 0.82 | Y75: 0.76 | Z75: 0.86 | AA75: 0.84 | AD75: en-LB | AE75: =VLOOKUP(AD75,GroupLabels!$E$2:$H$145,3,0) -> Lebanon - English*
A76: Lebanon - French* | B76: 0.81 | C76: 0.72 | D76: 0.81 | E76: 0.57 | F76: 0.84 | G76: 0.76 | H76: 0.82 | I76: 0.73 | J76: 0.7 | K76: 0.86 | L76: 0.81 | M76: 0.79 | N76: 0.7 | O76: 0.74 | P76: 0.84 | Q76: 0.71 | R76: 0.84 | S76: 0.79 | T76: 0.7 | U76: 0.79 | V76: 0.68 | W76: 0.72 | X76: 0.74 | Y76: 0.7 | Z76: 0.81 | AA76: 0.8 | AD76: fr-LB | AE76: =VLOOKUP(AD76,GroupLabels!$E$2:$H$145,3,0) -> Lebanon - French*
A77: Lithuania - Lithuanian | B77: 0.69 | C77: 0.5 | D77: 0.88 | E77: 0.73 | F77: 0.83 | G77: 0.86 | H77: 0.83 | I77: 0.87 | J77: 0.76 | K77: 0.91 | L77: 0.86 | M77: 0.88 | N77: 0.78 | O77: 0.8 | P77: 0.89 | Q77: 0.84 | R77: 0.91 | S77: 0.88 | T77: 0.83 | U77: 0.92 | V77: 0.84 | W77: 0.69 | X77: 0.81 | Y77: 0.77 | Z77: 0.9 | AA77: 0.89 | AD77: lt-LT | AE77: =VLOOKUP(AD77,GroupLabels!$E$2:$H$145,3,0) -> Lithuania - Lithuanian
A78: Lithuania - Polish | B78: 0.67 | C78: 0.51 | D78: 0.9 | E78: 0.58 | F78: 0.85 | G78: 0.86 | H78: 0.85 | I78: 0.88 | J78: 0.8 | K78: 0.92 | L78: 0.86 | M78: 0.91 | N78: 0.8 | O78: 0.87 | P78: 0.9 | Q78: 0.86 | R78: 0.91 | S78: 0.89 | T78: 0.85 | U78: 0.89 | V78: 0.82 | W78: 0.78 | X78: 0.84 | Y78: 0.8 | Z78: 0.9 | AA78: 0.89 | AD78: pl-LT | AE78: =VLOOKUP(AD78,GroupLabels!$E$2:$H$145,3,0) -> Lithuania - Polish
A79: Lithuania - Russian | B79: 0.74 | C79: 0.59 | D79: 0.89 | E79: 0.78 | F79: 0.79 | G79: 0.87 | H79: 0.86 | I79: 0.89 | J79: 0.76 | K79: 0.92 | L79: 0.85 | M79: 0.87 | N79: 0.8 | O79: 0.81 | P79: 0.9 | Q79: 0.82 | R79: 0.9 | S79: 0.85 | T79: 0.81 | U79: 0.9 | V79: 0.83 | W79: 0.69 | X79: 0.84 | Y79: 0.73 | Z79: 0.89 | AA79: 0.91 | AD79: ru-LT | AE79: =VLOOKUP(AD79,GroupLabels!$E$2:$H$145,3,0) -> Lithuania - Russian
A80: Luxembourg - English | B80: 0.79 | C80: 0.61 | D80: 0.87 | E80: 0.83 | F80: 0.8 | G80: 0.82 | H80: 0.71 | I80: 0.85 | J80: 0.81 | K80: 0.84 | L80: 0.85 | M80: 0.82 | N80: 0.82 | O80: 0.69 | P80: 0.87 | Q80: 0.79 | R80: 0.85 | S80: 0.86 | T80: 0.79 | U80: 0.93 | V80: 0.82 | W80: 0.81 | X80: 0.74 | Y80: 0.67 | Z80: 0.9 | AA80: 0.79 | AD80: en-LU | AE80: =VLOOKUP(AD80,GroupLabels!$E$2:$H$145,3,0) -> Luxembourg - English
A81: Luxembourg - French | B81: 0.79 | C81: 0.61 | D81: 0.86 | E81: 0.74 | F81: 0.78 | G81: 0.81 | H81: 0.83 | I81: 0.84 | J81: 0.78 | K81: 0.86 | L81: 0.86 | M81: 0.88 | N81: 0.78 | O81: 0.74 | P81: 0.88 | Q81: 0.77 | R81: 0.82 | S81: 0.85 | T81: 0.77 | U81: 0.91 | V81: 0.79 | W81: 0.74 | X81: 0.75 | Y81: 0.67 | Z81: 0.9 | AA81: 0.86 | AD81: fr-LU | AE81: =VLOOKUP(AD81,GroupLabels!$E$2:$H$145,3,0) -> Luxembourg - French
A82: Luxembourg - German | B82: 0.77 | C82: 0.6 | D82: 0.88 | E82: 0.76 | F82: 0.84 | G82: 0.8 | H82: 0.81 | I82: 0.85 | J82: 0.78 | K82: 0.89 | L82: 0.86 | M82: 0.88 | N82: 0.83 | O82: 0.75 | P82: 0.86 | Q82: 0.79 | R82: 0.87 | S82: 0.85 | T82: 0.76 | U82: 0.93 | V82: 0.82 | W82: 0.73 | X82: 0.82 | Y82: 0.68 | Z82: 0.9 | AA82: 0.87 | AD82: de-LU | AE82: =VLOOKUP(AD82,GroupLabels!$E$2:$H$145,3,0) -> Luxembourg - German
... A90: Malta - English | B90: 0.75 | C90: 0.65 | D90: 0.88 | E90: 0.76 | F90: 0.83 | G90: 0.85 | H90: 0.85 | I90: 0.87 | J90: 0.73 | K90: 0.91 | L90: 0.89 | M90: 0.9 | N90: 0.81 | O90: 0.82 | P90: 0.91 | Q90: 0.84 | R90: 0.88 | S90: 0.88 | T90: 0.82 | U90: 0.94 | V90: 0.84 | W90: 0.74 | X90: 0.83 | Y90: 0.75 | Z90: 0.93 | AA90: 0.89 | AD90: en-MT | AE90: =VLOOKUP(AD90,GroupLabels!$E$2:$H$145,3,0) -> Malta - English
A91: Mauritius - English | B91: 0.79 | C91: 0.68 | D91: a | E91: 0.72 | F91: 0.7 | G91: a | H91: 0.8 | I91: 0.8 | J91: 0.72 | K91: a | L91: 0.83 | M91: 0.9 | N91: a | O91: 0.67 | P91: 0.88 | Q91: 0.74 | R91: 0.88 | S91: 0.78 | T91: a | U91: 0.89 | V91: 0.78 | W91: 0.69 | X91: 0.78 | Y91: a | Z91: a | AA91: 0.8 | AD91: en-MU | AE91: =VLOOKUP(AD91,GroupLabels!$E$2:$H$145,3,0) -> Mauritius - English
A92: Mexico - Spanish | B92: 0.83 | C92: 0.74 | D92: 0.88 | E92: 0.76 | F92: 0.74 | G92: 0.82 | H92: 0.85 | I92: 0.89 | J92: 0.81 | K92: 0.86 | L92: 0.85 | M92: 0.9 | N92: 0.8 | O92: 0.72 | P92: 0.87 | Q92: 0.85 | R92: 0.87 | S92: 0.81 | T92: 0.83 | U92: 0.92 | V92: 0.82 | W92: 0.66 | X92: 0.82 | Y92: 0.79 | Z92: 0.91 | AA92: 0.89 | AD92: es-MX | AE92: =VLOOKUP(AD92,GroupLabels!$E$2:$H$145,3,0) -> Mexico - Spanish
A93: Moldova - Romanian | B93: 0.76 | C93: 0.63 | D93: 0.88 | E93: 0.7 | F93: 0.76 | G93: 0.85 | H93: 0.85 | I93: 0.83 | J93: 0.73 | K93: 0.89 | L93: 0.85 | M93: 0.89 | N93: 0.77 | O93: 0.77 | P93: 0.86 | Q93: 0.82 | R93: 0.92 | S93: 0.94 | T93: 0.78 | U93: 0.89 | V93: 0.78 | W93: 0.62 | X93: 0.81 | Y93: 0.77 | Z93: 0.89 | AA93: 0.85 | AD93: ro-MD | AE93: =VLOOKUP(AD93,GroupLabels!$E$2:$H$145,3,0) -> Moldova - Romanian
A94: Moldova - Russian | B94: 0.72 | C94: 0.63 | D94: 0.89 | E94: 0.81 | F94: 0.77 | G94: 0.88 | H94: 0.86 | I94: 0.89 | J94: 0.77 | K94: 0.9 | L94: 0.85 | M94: 0.9 | N94: 0.84 | O94: 0.85 | P94: 0.89 | Q94: 0.89 | R94: 0.93 | S94: 0.88 | T94: 0.81 | U94: 0.93 | V94: 0.83 | W94: 0.65 | X94: 0.86 | Y94: 0.77 | Z94: 0.86 | AA94: 0.92 | AD94: ru-MD | AE94: =VLOOKUP(AD94,GroupLabels!$E$2:$H$145,3,0) -> Moldova - Russian
A95: Mongolia - Kazakh | B95: 0.74 | C95: 0.59 | D95: 0.9 | E95: 0.66 | F95: 0.77 | G95: 0.79 | H95: 0.89 | I95: 0.77 | J95: 0.79 | K95: 0.74 | L95: 0.85 | M95: 0.89 | N95: 0.74 | O95: 0.71 | P95: 0.82 | Q95: 0.8 | R95: 0.88 | S95: 0.86 | T95: 0.76 | U95: 0.92 | V95: 0.91 | W95: 0.81 | X95: 0.85 | Y95: 0.54 | Z95: 0.91 | AA95: 0.85 | AD95: kk-MN | AE95: =VLOOKUP(AD95,GroupLabels!$E$2:$H$145,3,0) -> Mongolia - Kazakh
A96: Mongolia - Mongolian | B96: 0.78 | C96: 0.65 | D96: 0.87 | E96: 0.75 | F96: 0.78 | G96: 0.84 | H96: 0.89 | I96: 0.85 | J96: 0.73 | K96: 0.86 | L96: 0.85 | M96: 0.89 | N96: 0.78 | O96: 0.79 | P96: 0.85 | Q96: 0.82 | R96: 0.89 | S96: 0.84 | T96: 0.82 | U96: 0.88 | V96: 0.82 | W96: 0.61 | X96: 0.85 | Y96: 0.8 | Z96: 0.9 | AA96: 0.87 | AD96: mn-MN | AE96: =VLOOKUP(AD96,GroupLabels!$E$2:$H$145,3,0) -> Mongolia - Mongolian
A97: Montenegro - Albanian | B97: 0.6 | C97: 0.51 | D97: 0.9 | E97: 0.64 | F97: 0.74 | G97: 0.86 | H97: 0.85 | I97: 0.75 | J97: 0.9 | K97: 0.89 | L97: 0.89 | M97: 0.83 | N97: 0.82 | O97: 0.87 | P97: 0.87 | Q97: 0.78 | R97: 0.91 | S97: 0.84 | T97: 0.87 | U97: 0.88 | V97: 0.8 | W97: 0.86 | X97: 0.87 | Y97: 0.82 | Z97: 0.89 | AA97: 0.85 | AD97: sq-ME | AE97: =VLOOKUP(AD97,GroupLabels!$E$2:$H$145,3,0) -> Montenegro - Albanian
A98: Montenegro - Montenegrin | B98: 0.71 | C98: 0.65 | D98: 0.88 | E98: 0.75 | F98: 0.78 | G98: 0.86 | H98: 0.85 | I98: 0.87 | J98: 0.75 | K98: 0.89 | L98: 0.88 | M98: 0.93 | N98: 0.82 | O98: 0.82 | P98: 0.89 | Q98: 0.86 | R98: 0.91 | S98: 0.89 | T98: 0.82 | U98: 0.91 | V98: 0.85 | W98: 0.64 | X98: 0.84 | Y98: 0.8 | Z98: 0.93 | AA98: 0.89 | AD98: cnr-ME | AE98: =VLOOKUP(AD98,GroupLabels!$E$2:$H$145,3,0) -> Montenegro - Montenegrin
A99: Morocco - Arabic | B99: 0.84 | C99: 0.74 | D99: 0.82 | E99: 0.68 | F99: 0.74 | G99: 0.78 | H99: 0.78 | I99: 0.76 | J99: 0.67 | K99: 0.83 | L99: 0.78 | M99: 0.88 | N99: 0.77 | O99: 0.73 | P99: 0.85 | Q99: 0.77 | R99: 0.89 | S99: 0.76 | T99: 0.75 | U99: 0.86 | V99: 0.83 | W99: 0.63 | X99: 0.78 | Y99: 0.7 | Z99: 0.87 | AA99: 0.77 | AD99: ar-MA | AE99: =VLOOKUP(AD99,GroupLabels!$E$2:$H$145,3,0) -> Morocco - Arabic
A100: Netherlands - Dutch | B100: 0.69 | C100: 0.57 | D100: 0.86 | E100: 0.76 | F100: 0.78 | G100: 0.8 | H100: 0.86 | I100: 0.88 | J100: 0.8 | K100: 0.87 | L100: 0.87 | M100: 0.92 | N100: 0.8 | O100: 0.78 | P100: 0.88 | Q100: 0.81 | R100: 0.85 | S100: 0.92 | T100: 0.74 | U100: 0.94 | V100: 0.87 | W100: 0.74 | X100: 0.8 | Y100: 0.72 | Z100: 0.9 | AA100: 0.86 | AD100: nl-NL | AE100: =VLOOKUP(AD100,GroupLabels!$E$2:$H$145,3,0) -> Netherlands - Dutch
A101: New Zealand - English | B101: 0.76 | C101: 0.6 | D101: 0.9 | E101: 0.79 | F101: 0.78 | G101: 0.85 | H101: 0.85 | I101: 0.89 | J101: 0.78 | K101: 0.9 | L101: 0.9 | M101: 0.88 | N101: 0.83 | O101: 0.79 | P101: 0.89 | Q101: 0.83 | R101: 0.87 | S101: 0.88 | T101: 0.85 | U101: 0.95 | V101: 0.83 | W101: 0.79 | X101: 0.76 | Y101: 0.76 | Z101: 0.93 | AA101: 0.87 | AD101: en-NZ | AE101: =VLOOKUP(AD101,GroupLabels!$E$2:$H$145,3,0) -> New Zealand - English
A102: Norway - Norwegian Bokmål | B102: 0.73 | C102: 0.62 | D102: 0.89 | E102: 0.82 | F102: 0.82 | G102: a | H102: 0.87 | I102: 0.88 | J102: a | K102: 0.88 | L102: 0.88 | M102: 0.88 | N102: 0.84 | O102: 0.82 | P102: 0.89 | Q102: 0.82 | R102: 0.88 | S102: 0.9 | T102: 0.85 | U102: 0.94 | V102: 0.84 | W102: 0.7 | X102: 0.83 | Y102: 0.79 | Z102: 0.92 | AA102: 0.9 | AD102: nb-NO | AE102: =VLOOKUP(AD102,GroupLabels!$E$2:$H$145,3,0) -> Norway - Norwegian Bokmål
A103: Norway - Nynorsk | B103: 0.68 | C103: 0.61 | D103: 0.89 | E103: 0.81 | F103: 0.83 | G103: a | H103: 0.86 | I103: 0.9 | J103: a | K103: 0.87 | L103: 0.88 | M103: 0.86 | N103: 0.83 | O103: 0.79 | P103: 0.88 | Q103: 0.82 | R103: 0.89 | S103: 0.9 | T103: 0.86 | U103: 0.94 | V103: 0.85 | W103: 0.69 | X103: 0.84 | Y103: 0.81 | Z103: 0.92 | AA103: 0.9 | AD103: nn-NO | AE103: =VLOOKUP(AD103,GroupLabels!$E$2:$H$145,3,0) -> Norway - Nynorsk
A104: Palestinian Authority - Arabic* | B104: 0.78 | C104: 0.7 | D104: 0.89 | E104: 0.65 | F104: 0.77 | G104: 0.82 | H104: 0.86 | I104: 0.82 | J104: 0.75 | K104: 0.88 | L104: 0.86 | M104: 0.89 | N104: 0.77 | O104: 0.8 | P104: 0.85 | Q104: 0.84 | R104: 0.89 | S104: 0.84 | T104: 0.78 | U104: 0.9 | V104: 0.85 | W104: 0.72 | X104: 0.84 | Y104: 0.81 | Z104: 0.9 | AA104: 0.84 | AD104: ar-PS | AE104: =VLOOKUP(AD104,GroupLabels!$E$2:$H$145,3,0) -> Palestinian Authority - Arabic*
A105: Palestinian Authority - English* | B105: 0.66 | C105: 0.75 | D105: 0.88 | E105: 0.8 | F105: 0.83 | G105: 0.89 | H105: 0.77 | I105: 0.82 | J105: 0.86 | K105: 0.84 | L105: 0.87 | M105: 0.82 | N105: 0.87 | O105: 0.88 | P105: 0.94 | Q105: 0.84 | R105: 0.84 | S105: 0.78 | T105: 0.85 | U105: 0.87 | V105: 0.85 | W105: 0.81 | X105: 0.83 | Y105: 0.85 | Z105: 0.92 | AA105: 0.89 | AD105: en-PS | AE105: =VLOOKUP(AD105,GroupLabels!$E$2:$H$145,3,0) -> Palestinian Authority - English*
A106: Paraguay - Spanish | B106: 0.82 | C106: 0.71 | D106: 0.87 | E106: 0.68 | F106: 0.71 | G106: 0.84 | H106: 0.85 | I106: 0.87 | J106: 0.81 | K106: 0.87 | L106: 0.86 | M106: 0.91 | N106: 0.82 | O106: 0.77 | P106: 0.88 | Q106: 0.87 | R106: 0.92 | S106: 0.82 | T106: 0.84 | U106: 0.93 | V106: 0.81 | W106: 0.79 | X106: 0.8 | Y106: 0.81 | Z106: 0.88 | AA106: 0.91 | AD106: es-PY | AE106: =VLOOKUP(AD106,GroupLabels!$E$2:$H$145,3,0) -> Paraguay - Spanish
A107: Peru - Spanish | B107: 0.87 | C107: 0.8 | D107: 0.88 | E107: 0.67 | F107: 0.72 | G107: 0.82 | H107: 0.84 | I107: 0.88 | J107: 0.8 | K107: 0.85 | L107: 0.86 | M107: 0.91 | N107: 0.8 | O107: 0.76 | P107: 0.87 | Q107: 0.85 | R107: 0.89 | S107: 0.83 | T107: 0.85 | U107: 0.92 | V107: 0.79 | W107: 0.66 | X107: 0.84 | Y107: 0.8 | Z107: 0.91 | AA107: 0.89 | AD107: es-PE | AE107: =VLOOKUP(AD107,GroupLabels!$E$2:$H$145,3,0) -> Peru - Spanish
A108: Philippines - English | B108: 0.86 | C108: 0.71 | D108: 0.87 | E108: 0.69 | F108: 0.74 | G108: 0.82 | H108: 0.86 | I108: 0.88 | J108: 0.78 | K108: 0.83 | L108: 0.83 | M108: 0.9 | N108: 0.78 | O108: 0.73 | P108: 0.88 | Q108: 0.82 | R108: 0.88 | S108: 0.82 | T108: 0.82 | U108: 0.91 | V108: 0.75 | W108: 0.6 | X108: 0.78 | Y108: 0.75 | Z108: 0.84 | AA108: 0.85 | AD108: en-PH | AE108: =VLOOKUP(AD108,GroupLabels!$E$2:$H$145,3,0) -> Philippines - English
A109: Poland - Polish | B109: 0.72 | C109: 0.54 | D109: 0.89 | E109: 0.76 | F109: 0.82 | G109: 0.85 | H109: 0.84 | I109: 0.85 | J109: 0.76 | K109: 0.9 | L109: 0.86 | M109: 0.9 | N109: 0.77 | O109: 0.77 | P109: 0.88 | Q109: 0.82 | R109: 0.88 | S109: 0.86 | T109: 0.8 | U109: 0.91 | V109: 0.79 | W109: 0.67 | X109: 0.79 | Y109: 0.69 | Z109: 0.89 | AA109: 0.9 | AD109: pl-PL | AE109: =VLOOKUP(AD109,GroupLabels!$E$2:$H$145,3,0) -> Poland - Polish
A110: Portugal - Portuguese | B110: 0.78 | C110: 0.57 | D110: 0.87 | E110: 0.77 | F110: 0.77 | G110: 0.82 | H110: 0.87 | I110: 0.86 | J110: 0.77 | K110: 0.89 | L110: 0.9 | M110: 0.9 | N110: 0.77 | O110: 0.77 | P110: 0.89 | Q110: 0.84 | R110: 0.9 | S110: 0.87 | T110: 0.84 | U110: 0.94 | V110: 0.83 | W110: 0.73 | X110: 0.85 | Y110: 0.74 | Z110: 0.93 | AA110: 0.87 | AD110: pt-PT | AE110: =VLOOKUP(AD110,GroupLabels!$E$2:$H$145,3,0) -> Portugal - Portuguese
...

Sheet T22.A.12
A1: Table of Contents
A3: Table 22.A.12
A4: Number of items with international parameters for the IRT scales in the Student Questionnaire
A6: Country/economy (language group) | B6: HOMEPOS | C6: ICTRES | D6: AIUSESCH | E6: BELONG | F6: BULLIED | G6: COGABIL | H6: COGACSC | I6: COLLENEFF | J6: CURIO | K6: DISCLISCI | L6: EFFSCIE | M6: ENGSCIPR | N6: ENPROBS | O6: ENVAPART | P6: ENVAWARE | Q6: ENVCAPCH | R6: FAMSUP | S6: FEELSAFE | T6: GOALSET | U6: JOYSCIE | V6: OPENVLRN | W6: PERSEV | X6: SCIECOLLR | Y6: SELFREG | Z6: STBELSCIE | AA6: TEACHSUP
A7: Albania - Albanian | B7: 22 | C7: 10 | D7: 4 | E7: 6 | F7: 5 | G7: 4 | H7: 5 | I7: 4 | J7: 5 | K7: 6 | L7: 6 | M7: 6 | N7: 4 | O7: 5 | P7: 6 | Q7: 4 | R7: 5 | S7: 4 | T7: 4 | U7: 4 | V7: 4 | W7: 6 | X7: 4 | Y7: 4 | Z7: 5 | AA7: 5 | AD7: sq-AL | AE7: =VLOOKUP(AD7,GroupLabels!$E$2:$H$145,3,0) -> Albania - Albanian
A8: Argentina - Spanish | B8: 21 | C8: 10 | D8: 4 | E8: 6 | F8: 5 | G8: 4 | H8: 5 | I8: 4 | J8: 5 | K8: 6 | L8: 6 | M8: 6 | N8: 4 | O8: 5 | P8: 6 | Q8: 4 | R8: 5 | S8: 4 | T8: 4 | U8: 4 | V8: 4 | W8: 6 | X8: 4 | Y8: 4 | Z8: 5 | AA8: 5 | AD8: es-AR | AE8: =VLOOKUP(AD8,GroupLabels!$E$2:$H$145,3,0) -> Argentina - Spanish
A9: Armenia - Armenian | B9: 22 | C9: 9 | D9: 4 | E9: 6 | F9: 5 | G9: 4 | H9: 5 | I9: 4 | J9: 5 | K9: 6 | L9: 6 | M9: 6 | N9: 4 | O9: 5 | P9: 6 | Q9: 4 | R9: 5 | S9: 4 | T9: 4 | U9: 4 | V9: 4 | W9: 6 | X9: 4 | Y9: 4 | Z9: 5 | AA9: 5 | AD9: hy-AM | AE9: =VLOOKUP(AD9,GroupLabels!$E$2:$H$145,3,0) -> Armenia - Armenian
A10: Australia - English | B10: 21 | C10: 9 | D10: 4 | E10: 6 | F10: 5 | G10: 4 | H10: 5 | I10: 4 | J10: 5 | K10: 6 | L10: 6 | M10: 6 | N10: 4 | O10: 5 | P10: 6 | Q10: 4 | R10: 5 | S10: 4 | T10: 4 | U10: 4 | V10: 4 | W10: 6 | X10: 4 | Y10: 4 | Z10: 5 | AA10: 5 | AD10: en-AU | AE10: =VLOOKUP(AD10,GroupLabels!$E$2:$H$145,3,0) -> Australia - English
A11: Austria - German | B11: 22 | C11: 9 | D11: 4 | E11: 6 | F11: 5 | G11: 4 | H11: 5 | I11: 4 | J11: 5 | K11: 6 | L11: 6 | M11: 6 | N11: 4 | O11: 5 | P11: 6 | Q11: 4 | R11: 5 | S11: 4 | T11: 4 | U11: 4 | V11: 4 | W11: 6 | X11: 4 | Y11: 4 | Z11: 5 | AA11: 5 | AD11: de-AT | AE11: =VLOOKUP(AD11,GroupLabels!$E$2:$H$145,3,0) -> Austria - German
A12: Azerbaijan - Azerbaijani | B12: 22 | C12: 10 | D12: 4 | E12: 6 | F12: 5 | G12: 4 | H12: 5 | I12: 4 | J12: 5 | K12: 6 | L12: 6 | M12: 6 | N12: 4 | O12: 5 | P12: 6 | Q12: 4 | R12: 5 | S12: 4 | T12: 4 | U12: 4 | V12: 4 | W12: 6 | X12: 4 | Y12: 4 | Z12: 5 | AA12: 5 | AD12: az-QZ | AE12: =VLOOKUP(AD12,GroupLabels!$E$2:$H$145,3,0) -> Azerbaijan - Azerbaijani
A13: Azerbaijan - Russian | B13: 22 | C13: 9 | D13: 4 | E13: 6 | F13: 5 | G13: 4 | H13: 5 | I13: 4 | J13: 5 | K13: 6 | L13: 6 | M13: 6 | N13: 4 | O13: 5 | P13: 6 | Q13: 4 | R13: 5 | S13: 4 | T13: 4 | U13: 4 | V13: 4 | W13: 6 | X13: 4 | Y13: 4 | Z13: 5 | AA13: 5 | AD13: ru-QZ | AE13: =VLOOKUP(AD13,GroupLabels!$E$2:$H$145,3,0) -> Azerbaijan - Russian
A14: B-S-J-G (China) - Chinese* | B14: 22 | C14: 10 | D14: 4 | E14: 6 | F14: 5 | G14: 4 | H14: 5 | I14: 4 | J14: 5 | K14: 6 | L14: 6 | M14: 6 | N14: 4 | O14: 5 | P14: 6 | Q14: 4 | R14: 5 | S14: 4 | T14: 4 | U14: 4 | V14: 4 | W14: 6 | X14: 4 | Y14: 4 | Z14: 5 | AA14: 5 | AD14: zh-CN | AE14: =VLOOKUP(AD14,GroupLabels!$E$2:$H$145,3,0) -> B-S-J-G (China) - Chinese*
A15: Belgium (Flemish Community) - Dutch | B15: 22 | C15: 10 | D15: 4 | E15: 6 | F15: 5 | G15: 4 | H15: 5 | I15: 4 | J15: 5 | K15: 6 | L15: 6 | M15: 6 | N15: 4 | O15: 5 | P15: 6 | Q15: 4 | R15: 5 | S15: 4 | T15: 4 | U15: 4 | V15: 4 | W15: 6 | X15: 4 | Y15: 4 | Z15: 5 | AA15: 5 | AD15: nl-BE | AE15: =VLOOKUP(AD15,GroupLabels!$E$2:$H$145,3,0) -> Belgium (Flemish Community) - Dutch
A16: Belgium (French Community) - French | B16: 22 | C16: 9 | D16: 4 | E16: 6 | F16: 5 | G16: 4 | H16: 5 | I16: 4 | J16: 5 | K16: 6 | L16: 6 | M16: 6 | N16: 4 | O16: 5 | P16: 6 | Q16: 4 | R16: 5 | S16: 4 | T16: 4 | U16: 4 | V16: 4 | W16: 6 | X16: 4 | Y16: 4 | Z16: 5 | AA16: 5 | AD16: fr-BE | AE16: =VLOOKUP(AD16,GroupLabels!$E$2:$H$145,3,0) -> Belgium (French Community) - French
A17: Belgium (French Community) - German | B17: 22 | C17: 9 | D17: 4 | E17: 6 | F17: 5 | G17: 4 | H17: 5 | I17: 4 | J17: 5 | K17: 6 | L17: 6 | M17: 6 | N17: 4 | O17: 5 | P17: 6 | Q17: 4 | R17: 5 | S17: 4 | T17: 4 | U17: 4 | V17: 4 | W17: 6 | X17: 4 | Y17: 4 | Z17: 5 | AA17: 5 | AD17: de-BE | AE17: =VLOOKUP(AD17,GroupLabels!$E$2:$H$145,3,0) -> Belgium (French Community) - German
A18: Brazil - Portuguese | B18: 22 | C18: 9 | D18: 4 | E18: 6 | F18: 5 | G18: 4 | H18: 5 | I18: 4 | J18: 5 | K18: 6 | L18: 6 | M18: 6 | N18: 4 | O18: 5 | P18: 6 | Q18: 4 | R18: 5 | S18: 4 | T18: 4 | U18: 4 | V18: 4 | W18: 6 | X18: 4 | Y18: 4 | Z18: 5 | AA18: 5 | AD18: pt-BR | AE18: =VLOOKUP(AD18,GroupLabels!$E$2:$H$145,3,0) -> Brazil - Portuguese
... A20: Bulgaria - Bulgarian | B20: 21 | C20: 10 | D20: 4 | E20: 6 | F20: 5 | G20: 4 | H20: 5 | I20: 4 | J20: 5 | K20: 6 | L20: 6 | M20: 6 | N20: 4 | O20: 5 | P20: 6 | Q20: 4 | R20: 5 | S20: 4 | T20: 4 | U20: 4 | V20: 4 | W20: 6 | X20: 4 | Y20: 4 | Z20: 5 | AA20: 5 | AD20: bg-BG | AE20: =VLOOKUP(AD20,GroupLabels!$E$2:$H$145,3,0) -> Bulgaria - Bulgarian
A21: Cambodia - Khmer | B21: 22 | C21: 9 | D21: a | E21: 6 | F21: 5 | G21: a | H21: 5 | I21: 4 | J21: 5 | K21: a | L21: 6 | M21: 6 | N21: a | O21: 5 | P21: 6 | Q21: 4 | R21: 5 | S21: 4 | T21: a | U21: 4 | V21: 4 | W21: 6 | X21: 4 | Y21: a | Z21: 5 | AA21: a | AD21: km-KH | AE21: =VLOOKUP(AD21,GroupLabels!$E$2:$H$145,3,0) -> Cambodia - Khmer
A22: Canada - English | B22: 22 | C22: 10 | D22: 4 | E22: 6 | F22: 5 | G22: 4 | H22: 5 | I22: 4 | J22: 5 | K22: 6 | L22: 6 | M22: 6 | N22: 4 | O22: 5 | P22: 6 | Q22: 4 | R22: 5 | S22: 4 | T22: 4 | U22: 4 | V22: 4 | W22: 6 | X22: 4 | Y22: 4 | Z22: 5 | AA22: a | AD22: en-CA | AE22: =VLOOKUP(AD22,GroupLabels!$E$2:$H$145,3,0) -> Canada - English
A23: Canada - French | B23: 19 | C23: 10 | D23: 4 | E23: 6 | F23: 5 | G23: 4 | H23: 5 | I23: 4 | J23: 5 | K23: 6 | L23: 6 | M23: 6 | N23: 4 | O23: 5 | P23: 6 | Q23: 4 | R23: 5 | S23: 4 | T23: 4 | U23: 4 | V23: 4 | W23: 6 | X23: 4 | Y23: 4 | Z23: 5 | AA23: a | AD23: fr-CA | AE23: =VLOOKUP(AD23,GroupLabels!$E$2:$H$145,3,0) -> Canada - French
A24: Chile - Spanish | B24: 21 | C24: 10 | D24: 4 | E24: 6 | F24: 5 | G24: 4 | H24: 5 | I24: 4 | J24: 5 | K24: 6 | L24: 6 | M24: 6 | N24: 4 | O24: 5 | P24: 6 | Q24: 4 | R24: 5 | S24: 4 | T24: 4 | U24: 4 | V24: 4 | W24: 6 | X24: 4 | Y24: 4 | Z24: 5 | AA24: 5 | AD24: es-CL | AE24: =VLOOKUP(AD24,GroupLabels!$E$2:$H$145,3,0) -> Chile - Spanish
A25: Colombia - Spanish | B25: 19 | C25: 9 | D25: 4 | E25: 6 | F25: 5 | G25: 4 | H25: 5 | I25: 4 | J25: 5 | K25: 6 | L25: 6 | M25: 6 | N25: 4 | O25: 5 | P25: 6 | Q25: 4 | R25: 5 | S25: 4 | T25: 4 | U25: 4 | V25: 4 | W25: 6 | X25: 4 | Y25: 4 | Z25: 5 | AA25: 5 | AD25: es-CO | AE25: =VLOOKUP(AD25,GroupLabels!$E$2:$H$145,3,0) -> Colombia - Spanish
A26: Costa Rica - Spanish | B26: a | C26: a | D26: 4 | E26: 6 | F26: 5 | G26: 4 | H26: a | I26: 4 | J26: 5 | K26: 6 | L26: 6 | M26: 6 | N26: 4 | O26: 5 | P26: 6 | Q26: 4 | R26: a | S26: 4 | T26: 4 | U26: 4 | V26: 4 | W26: 6 | X26: 4 | Y26: 4 | Z26: 5 | AA26: 5 | AD26: es-CR | AE26: =VLOOKUP(AD26,GroupLabels!$E$2:$H$145,3,0) -> Costa Rica - Spanish
A27: Croatia - Croatian | B27: 22 | C27: 9 | D27: 4 | E27: 6 | F27: 5 | G27: 4 | H27: 5 | I27: 4 | J27: 5 | K27: 6 | L27: 6 | M27: 6 | N27: 4 | O27: 5 | P27: 6 | Q27: 4 | R27: 5 | S27: 4 | T27: 4 | U27: 4 | V27: 4 | W27: 6 | X27: 4 | Y27: 4 | Z27: 5 | AA27: 5 | AD27: hr-HR | AE27: =VLOOKUP(AD27,GroupLabels!$E$2:$H$145,3,0) -> Croatia - Croatian
A28: Cyprus - English* | B28: 22 | C28: 9 | D28: 4 | E28: 6 | F28: 5 | G28: 4 | H28: 5 | I28: 4 | J28: 5 | K28: 6 | L28: 6 | M28: 6 | N28: 4 | O28: 5 | P28: 6 | Q28: 4 | R28: 5 | S28: 4 | T28: 4 | U28: 4 | V28: 4 | W28: 6 | X28: 4 | Y28: 4 | Z28: 5 | AA28: 5 | AD28: en-CY | AE28: =VLOOKUP(AD28,GroupLabels!$E$2:$H$145,3,0) -> Cyprus - English*
A29: Cyprus - Modern Greek* | B29: 22 | C29: 10 | D29: 4 | E29: 6 | F29: 5 | G29: 4 | H29: 5 | I29: 4 | J29: 5 | K29: 6 | L29: 6 | M29: 6 | N29: 4 | O29: 5 | P29: 6 | Q29: 4 | R29: 5 | S29: 4 | T29: 4 | U29: 4 | V29: 4 | W29: 6 | X29: 4 | Y29: 4 | Z29: 5 | AA29: 5 | AD29: el-CY | AE29: =VLOOKUP(AD29,GroupLabels!$E$2:$H$145,3,0) -> Cyprus - Modern Greek*
A30: Czechia - Czech | B30: 21 | C30: 9 | D30: 4 | E30: 6 | F30: 5 | G30: 4 | H30: 5 | I30: 4 | J30: 5 | K30: 6 | L30: 6 | M30: 6 | N30: 4 | O30: 5 | P30: 6 | Q30: 4 | R30: 5 | S30: 4 | T30: 4 | U30: 4 | V30: 4 | W30: 6 | X30: 4 | Y30: 4 | Z30: 5 | AA30: 5 | AD30: cs-CZ | AE30: =VLOOKUP(AD30,GroupLabels!$E$2:$H$145,3,0) -> Czechia - Czech
A31: Denmark - Danish | B31: 20 | C31: 9 | D31: 4 | E31: 6 | F31: 5 | G31: 4 | H31: 5 | I31: 4 | J31: 5 | K31: 6 | L31: 6 | M31: 6 | N31: 4 | O31: 5 | P31: 6 | Q31: 4 | R31: 5 | S31: a | T31: 4 | U31: 4 | V31: 4 | W31: 6 | X31: 4 | Y31: 4 | Z31: 5 | AA31: 5 | AD31: da-DK | AE31: =VLOOKUP(AD31,GroupLabels!$E$2:$H$145,3,0) -> Denmark - Danish
A32: Denmark - Faroese | B32: 19 | C32: 9 | D32: 4 | E32: 6 | F32: 5 | G32: 4 | H32: 5 | I32: 4 | J32: 5 | K32: 6 | L32: 6 | M32: 6 | N32: 4 | O32: 5 | P32: 6 | Q32: 4 | R32: 5 | S32: a | T32: 4 | U32: 4 | V32: 4 | W32: 6 | X32: 4 | Y32: 4 | Z32: 5 | AA32: 5 | AD32: fo-DK | AE32: =VLOOKUP(AD32,GroupLabels!$E$2:$H$145,3,0) -> Denmark - Faroese
A33: Dominican Republic - Spanish | B33: 21 | C33: 9 | D33: 4 | E33: 6 | F33: 5 | G33: 4 | H33: 5 | I33: 4 | J33: 5 | K33: 6 | L33: 6 | M33: 6 | N33: 4 | O33: 5 | P33: 6 | Q33: 4 | R33: 5 | S33: 4 | T33: 4 | U33: 4 | V33: 4 | W33: 6 | X33: 4 | Y33: 4 | Z33: 5 | AA33: 5 | AD33: es-DO | AE33: =VLOOKUP(AD33,GroupLabels!$E$2:$H$145,3,0) -> Dominican Republic - Spanish
A34: Dushanbe (Tajikistan) - Russian | B34: 22 | C34: 10 | D34: a | E34: 6 | F34: 5 | G34: a | H34: 5 | I34: 4 | J34: 5 | K34: a | L34: 6 | M34: 6 | N34: a | O34: 5 | P34: 6 | Q34: 4 | R34: 5 | S34: 4 | T34: a | U34: 4 | V34: 4 | W34: 6 | X34: 4 | Y34: a | Z34: 5 | AA34: a | AD34: ru-TJ | AE34: =VLOOKUP(AD34,GroupLabels!$E$2:$H$145,3,0) -> Dushanbe (Tajikistan) - Russian
A35: Dushanbe (Tajikistan) - Tajik | B35: 20 | C35: 10 | D35: a | E35: 6 | F35: 5 | G35: a | H35: 5 | I35: 4 | J35: 5 | K35: a | L35: 6 | M35: 6 | N35: a | O35: 5 | P35: 6 | Q35: 4 | R35: 5 | S35: 4 | T35: a | U35: 4 | V35: 4 | W35: 6 | X35: 4 | Y35: a | Z35: 5 | AA35: a | AD35: tg-TJ | AE35: =VLOOKUP(AD35,GroupLabels!$E$2:$H$145,3,0) -> Dushanbe (Tajikistan) - Tajik
A36: Ecuador - Spanish | B36: 21 | C36: 9 | D36: 4 | E36: 6 | F36: 5 | G36: 4 | H36: 5 | I36: 4 | J36: 5 | K36: 6 | L36: 6 | M36: 6 | N36: 4 | O36: 5 | P36: 6 | Q36: 4 | R36: 5 | S36: 4 | T36: 4 | U36: 4 | V36: 4 | W36: 6 | X36: 4 | Y36: 4 | Z36: 5 | AA36: 5 | AD36: es-EC | AE36: =VLOOKUP(AD36,GroupLabels!$E$2:$H$145,3,0) -> Ecuador - Spanish
A37: El Salvador - Spanish | B37: 21 | C37: 9 | D37: 4 | E37: 6 | F37: 5 | G37: 4 | H37: 5 | I37: 4 | J37: 5 | K37: 6 | L37: 6 | M37: 6 | N37: 4 | O37: 5 | P37: 6 | Q37: 4 | R37: 5 | S37: 4 | T37: 4 | U37: 4 | V37: 4 | W37: 6 | X37: 4 | Y37: 4 | Z37: 5 | AA37: 5 | AD37: es-SV | AE37: =VLOOKUP(AD37,GroupLabels!$E$2:$H$145,3,0) -> El Salvador - Spanish
A38: Estonia - Estonian | B38: 22 | C38: 9 | D38: 4 | E38: 6 | F38: 5 | G38: 4 | H38: 5 | I38: 4 | J38: 5 | K38: 6 | L38: 6 | M38: 6 | N38: 4 | O38: 5 | P38: 6 | Q38: 4 | R38: 5 | S38: 4 | T38: 4 | U38: 4 | V38: 4 | W38: 6 | X38: 4 | Y38: 4 | Z38: 5 | AA38: 5 | AD38: et-EE | AE38: =VLOOKUP(AD38,GroupLabels!$E$2:$H$145,3,0) -> Estonia - Estonian
A39: Estonia - Russian | B39: 21 | C39: 9 | D39: 4 | E39: 6 | F39: 5 | G39: 4 | H39: 5 | I39: 4 | J39: 5 | K39: 6 | L39: 6 | M39: 6 | N39: 4 | O39: 5 | P39: 6 | Q39: 4 | R39: 5 | S39: 4 | T39: 4 | U39: 4 | V39: 4 | W39: 6 | X39: 4 | Y39: 4 | Z39: 5 | AA39: 5 | AD39: ru-EE | AE39: =VLOOKUP(AD39,GroupLabels!$E$2:$H$145,3,0) -> Estonia - Russian
A40: Finland - Finnish | B40: 21 | C40: 10 | D40: 4 | E40: 6 | F40: 5 | G40: 4 | H40: 5 | I40: 4 | J40: 5 | K40: 6 | L40: 6 | M40: 6 | N40: 4 | O40: 5 | P40: 6 | Q40: 4 | R40: 5 | S40: 4 | T40: 4 | U40: 4 | V40: 4 | W40: 6 | X40: 4 | Y40: 4 | Z40: 5 | AA40: 5 | AD40: fi-FI | AE40: =VLOOKUP(AD40,GroupLabels!$E$2:$H$145,3,0) -> Finland - Finnish
A41: Finland - Swedish | B41: 20 | C41: 9 | D41: 4 | E41: 6 | F41: 5 | G41: 4 | H41: 5 | I41: 4 | J41: 5 | K41: 6 | L41: 6 | M41: 6 | N41: 4 | O41: 5 | P41: 6 | Q41: 4 | R41: 5 | S41: 4 | T41: 4 | U41: 4 | V41: 4 | W41: 6 | X41: 4 | Y41: 4 | Z41: 5 | AA41: 5 | AD41: sv-FI | AE41: =VLOOKUP(AD41,GroupLabels!$E$2:$H$145,3,0) -> Finland - Swedish
A42: France - French | B42: 20 | C42: 9 | D42: 4 | E42: 6 | F42: 5 | G42: 4 | H42: 5 | I42: 4 | J42: 5 | K42: 6 | L42: 6 | M42: 6 | N42: 4 | O42: 5 | P42: 6 | Q42: 4 | R42: 5 | S42: 4 | T42: 4 | U42: 4 | V42: 4 | W42: 6 | X42: 4 | Y42: 4 | Z42: 5 | AA42: 5 | AD42: fr-FR | AE42: =VLOOKUP(AD42,GroupLabels!$E$2:$H$145,3,0) -> France - French
A43: Georgia - Azerbaijani | B43: 20 | C43: 9 | D43: 4 | E43: 6 | F43: 5 | G43: 4 | H43: 5 | I43: 4 | J43: 5 | K43: 6 | L43: 6 | M43: 6 | N43: 4 | O43: 5 | P43: 6 | Q43: 4 | R43: 5 | S43: 4 | T43: 4 | U43: 4 | V43: 4 | W43: 6 | X43: 4 | Y43: 4 | Z43: 5 | AA43: 5 | AD43: az-GE | AE43: =VLOOKUP(AD43,GroupLabels!$E$2:$H$145,3,0) -> Georgia - Azerbaijani
A44: Georgia - Georgian | B44: 22 | C44: 10 | D44: 4 | E44: 6 | F44: 5 | G44: 4 | H44: 5 | I44: 4 | J44: 5 | K44: 6 | L44: 6 | M44: 6 | N44: 4 | O44: 5 | P44: 6 | Q44: 4 | R44: 5 | S44: 4 | T44: 4 | U44: 4 | V44: 4 | W44: 6 | X44: 4 | Y44: 4 | Z44: 5 | AA44: 5 | AD44: ka-GE | AE44: =VLOOKUP(AD44,GroupLabels!$E$2:$H$145,3,0) -> Georgia - Georgian
A45: Georgia - Russian | B45: 21 | C45: 9 | D45: 4 | E45: 6 | F45: 5 | G45: 4 | H45: 5 | I45: 4 | J45: 5 | K45: 6 | L45: 6 | M45: 6 | N45: 4 | O45: 5 | P45: 6 | Q45: 4 | R45: 5 | S45: 4 | T45: 4 | U45: 4 | V45: 4 | W45: 6 | X45: 4 | Y45: 4 | Z45: 5 | AA45: 5 | AD45: ru-GE | AE45: =VLOOKUP(AD45,GroupLabels!$E$2:$H$145,3,0) -> Georgia - Russian
A46: Germany - German | B46: 22 | C46: 9 | D46: 4 | E46: 6 | F46: 5 | G46: 4 | H46: 5 | I46: 4 | J46: 5 | K46: 6 | L46: 6 | M46: 6 | N46: 4 | O46: 5 | P46: 6 | Q46: 4 | R46: 5 | S46: a | T46: 4 | U46: 4 | V46: 4 | W46: 6 | X46: 4 | Y46: 4 | Z46: 5 | AA46: 5 | AD46: de-DE | AE46: =VLOOKUP(AD46,GroupLabels!$E$2:$H$145,3,0) -> Germany - German
A47: Greece - Modern Greek | B47: 21 | C47: 9 | D47: 4 | E47: 6 | F47: 5 | G47: 4 | H47: 5 | I47: 4 | J47: 5 | K47: 6 | L47: 6 | M47: 6 | N47: 4 | O47: 5 | P47: 6 | Q47: 4 | R47: 5 | S47: 4 | T47: 4 | U47: 4 | V47: 4 | W47: 6 | X47: 4 | Y47: 4 | Z47: 5 | AA47: 5 | AD47: el-GR | AE47: =VLOOKUP(AD47,GroupLabels!$E$2:$H$145,3,0) -> Greece - Modern Greek
A48: Guatemala - Spanish | B48: 22 | C48: 9 | D48: 4 | E48: 6 | F48: 5 | G48: 4 | H48: 5 | I48: 4 | J48: 5 | K48: 6 | L48: 6 | M48: 6 | N48: 4 | O48: 5 | P48: 6 | Q48: 4 | R48: 5 | S48: 4 | T48: 4 | U48: 4 | V48: 4 | W48: 6 | X48: 4 | Y48: 4 | Z48: 5 | AA48: 5 | AD48: es-GT | AE48: =VLOOKUP(AD48,GroupLabels!$E$2:$H$145,3,0) -> Guatemala - Spanish
A49: Hong Kong (China) - Chinese | B49: 20 | C49: 10 | D49: 4 | E49: 6 | F49: 5 | G49: 4 | H49: 5 | I49: 4 | J49: 5 | K49: 6 | L49: 6 | M49: 6 | N49: 4 | O49: 5 | P49: 6 | Q49: 4 | R49: 5 | S49: 4 | T49: 4 | U49: 4 | V49: 4 | W49: 6 | X49: 4 | Y49: 4 | Z49: 5 | AA49: 5 | AD49: zh-HK | AE49: =VLOOKUP(AD49,GroupLabels!$E$2:$H$145,3,0) -> Hong Kong (China) - Chinese
A50: Hong Kong (China) - English | B50: 20 | C50: 10 | D50: 4 | E50: 6 | F50: 5 | G50: 4 | H50: 5 | I50: 4 | J50: 5 | K50: 6 | L50: 6 | M50: 6 | N50: 4 | O50: 5 | P50: 6 | Q50: 4 | R50: 5 | S50: 4 | T50: 4 | U50: 4 | V50: 4 | W50: 6 | X50: 4 | Y50: 4 | Z50: 5 | AA50: 5 | AD50: en-HK | AE50: =VLOOKUP(AD50,GroupLabels!$E$2:$H$145,3,0) -> Hong Kong (China) - English
A51: Hungary - Hungarian | B51: 20 | C51: 10 | D51: 4 | E51: 6 | F51: 5 | G51: 4 | H51: 5 | I51: 4 | J51: 5 | K51: 6 | L51: 6 | M51: 6 | N51: 4 | O51: 5 | P51: 6 | Q51: 4 | R51: 5 | S51: 4 | T51: 4 | U51: 4 | V51: 4 | W51: 6 | X51: 4 | Y51: 4 | Z51: 5 | AA51: 5 | AD51: hu-HU | AE51: =VLOOKUP(AD51,GroupLabels!$E$2:$H$145,3,0) -> Hungary - Hungarian
A52: Iceland - Icelandic | B52: 22 | C52: 9 | D52: 4 | E52: 6 | F52: 5 | G52: 4 | H52: 5 | I52: 4 | J52: 5 | K52: 6 | L52: 6 | M52: 6 | N52: 4 | O52: 5 | P52: 6 | Q52: 4 | R52: 5 | S52: 4 | T52: 4 | U52: 4 | V52: 4 | W52: 6 | X52: 4 | Y52: 4 | Z52: 5 | AA52: 5 | AD52: is-IS | AE52: =VLOOKUP(AD52,GroupLabels!$E$2:$H$145,3,0) -> Iceland - Icelandic
A53: Indonesia - Indonesian | B53: 20 | C53: 10 | D53: 4 | E53: 6 | F53: 5 | G53: 4 | H53: 5 | I53: 4 | J53: 5 | K53: 6 | L53: 6 | M53: 6 | N53: 4 | O53: 5 | P53: 6 | Q53: 4 | R53: 5 | S53: 4 | T53: 4 | U53: 4 | V53: 4 | W53: 6 | X53: 4 | Y53: 4 | Z53: 5 | AA53: 5 | AD53: id-ID | AE53: =VLOOKUP(AD53,GroupLabels!$E$2:$H$145,3,0) -> Indonesia - Indonesian
A54: Ireland - English | B54: 21 | C54: 10 | D54: 4 | E54: 6 | F54: 5 | G54: 4 | H54: 5 | I54: 4 | J54: 5 | K54: 6 | L54: 6 | M54: 6 | N54: 4 | O54: 5 | P54: 6 | Q54: 4 | R54: 5 | S54: 4 | T54: 4 | U54: 4 | V54: 4 | W54: 6 | X54: 4 | Y54: 4 | Z54: 5 | AA54: 5 | AD54: en-IE | AE54: =VLOOKUP(AD54,GroupLabels!$E$2:$H$145,3,0) -> Ireland - English
A55: Ireland - Irish Gaeilge | B55: 22 | C55: 9 | D55: 4 | E55: 6 | F55: 5 | G55: 4 | H55: 5 | I55: 4 | J55: 5 | K55: 6 | L55: 6 | M55: 6 | N55: 4 | O55: 5 | P55: 6 | Q55: 4 | R55: 5 | S55: 4 | T55: 4 | U55: 4 | V55: 4 | W55: 6 | X55: 4 | Y55: 4 | Z55: 5 | AA55: 5 | AD55: ga-IE | AE55: =VLOOKUP(AD55,GroupLabels!$E$2:$H$145,3,0) -> Ireland - Irish Gaeilge
A56: Israel - Arabic* | B56: 19 | C56: 9 | D56: 4 | E56: 6 | F56: 5 | G56: 4 | H56: 5 | I56: 4 | J56: 5 | K56: 6 | L56: 6 | M56: 6 | N56: 4 | O56: 5 | P56: 6 | Q56: 4 | R56: 5 | S56: 4 | T56: 4 | U56: 4 | V56: 4 | W56: 6 | X56: 4 | Y56: 4 | Z56: 5 | AA56: 5 | AD56: ar-IL | AE56: =VLOOKUP(AD56,GroupLabels!$E$2:$H$145,3,0) -> Israel - Arabic*
A57: Israel - Haredi* | B57: 19 | C57: a | D57: a | E57: 6 | F57: a | G57: a | H57: 5 | I57: 4 | J57: 5 | K57: a | L57: 6 | M57: 6 | N57: 4 | O57: 5 | P57: 6 | Q57: 4 | R57: 5 | S57: 4 | T57: 4 | U57: 4 | V57: 4 | W57: 6 | X57: 4 | Y57: 4 | Z57: 5 | AA57: 5 | AD57: he-IL-x-haredi | AE57: =VLOOKUP(AD57,GroupLabels!$E$2:$H$145,3,0) -> Israel - Haredi*
A58: Israel - Hebrew* | B58: 21 | C58: 9 | D58: 4 | E58: 6 | F58: 5 | G58: 4 | H58: 5 | I58: 4 | J58: 5 | K58: 6 | L58: 6 | M58: 6 | N58: 4 | O58: 5 | P58: 6 | Q58: 4 | R58: 5 | S58: 4 | T58: 4 | U58: 4 | V58: 4 | W58: 6 | X58: 4 | Y58: 4 | Z58: 5 | AA58: 5 | AD58: he-IL | AE58: =VLOOKUP(AD58,GroupLabels!$E$2:$H$145,3,0) -> Israel - Hebrew*
A59: Italy - German | B59: 21 | C59: 9 | D59: 4 | E59: 6 | F59: 5 | G59: 4 | H59: 5 | I59: 4 | J59: 5 | K59: 6 | L59: 6 | M59: 6 | N59: 4 | O59: 5 | P59: 6 | Q59: 4 | R59: 5 | S59: 4 | T59: 4 | U59: 4 | V59: 4 | W59: 6 | X59: 4 | Y59: 4 | Z59: 5 | AA59: 5 | AD59: de-IT | AE59: =VLOOKUP(AD59,GroupLabels!$E$2:$H$145,3,0) -> Italy - German
A60: Italy - Italian | B60: 22 | C60: 9 | D60: 4 | E60: 6 | F60: 5 | G60: 4 | H60: 5 | I60: 4 | J60: 5 | K60: 6 | L60: 6 | M60: 6 | N60: 4 | O60: 5 | P60: 6 | Q60: 4 | R60: 5 | S60: 4 | T60: 4 | U60: 4 | V60: 4 | W60: 6 | X60: 4 | Y60: 4 | Z60: 5 | AA60: 5 | AD60: it-IT | AE60: =VLOOKUP(AD60,GroupLabels!$E$2:$H$145,3,0) -> Italy - Italian
A61: Japan - Japanese | B61: 22 | C61: 10 | D61: 4 | E61: 6 | F61: 5 | G61: 4 | H61: 5 | I61: 4 | J61: 5 | K61: 6 | L61: 6 | M61: 6 | N61: 4 | O61: 5 | P61: 6 | Q61: 4 | R61: 5 | S61: a | T61: 4 | U61: 4 | V61: 4 | W61: 6 | X61: 4 | Y61: 4 | Z61: 5 | AA61: 5 | AD61: ja-JP | AE61: =VLOOKUP(AD61,GroupLabels!$E$2:$H$145,3,0) -> Japan - Japanese
A62: Jordan - Arabic | B62: 22 | C62: 9 | D62: 4 | E62: 6 | F62: 5 | G62: 4 | H62: 5 | I62: 4 | J62: 5 | K62: 6 | L62: 6 | M62: 6 | N62: 4 | O62: 5 | P62: 6 | Q62: 4 | R62: 5 | S62: 4 | T62: 4 | U62: 4 | V62: 4 | W62: 6 | X62: 4 | Y62: 4 | Z62: 5 | AA62: 5 | AD62: ar-JO | AE62: =VLOOKUP(AD62,GroupLabels!$E$2:$H$145,3,0) -> Jordan - Arabic
A63: Kazakhstan - Kazakh | B63: 22 | C63: 10 | D63: 4 | E63: 6 | F63: 5 | G63: 4 | H63: 5 | I63: 4 | J63: 5 | K63: 6 | L63: 6 | M63: 6 | N63: 4 | O63: 5 | P63: 6 | Q63: 4 | R63: 5 | S63: 4 | T63: 4 | U63: 4 | V63: 4 | W63: 6 | X63: 4 | Y63: 4 | Z63: 5 | AA63: 5 | AD63: kk-KZ | AE63: =VLOOKUP(AD63,GroupLabels!$E$2:$H$145,3,0) -> Kazakhstan - Kazakh
A64: Kazakhstan - Russian | B64: 22 | C64: 9 | D64: 4 | E64: 6 | F64: 5 | G64: 4 | H64: 5 | I64: 4 | J64: 5 | K64: 6 | L64: 6 | M64: 6 | N64: 4 | O64: 5 | P64: 6 | Q64: 4 | R64: 5 | S64: 4 | T64: 4 | U64: 4 | V64: 4 | W64: 6 | X64: 4 | Y64: 4 | Z64: 5 | AA64: 5 | AD64: ru-KZ | AE64: =VLOOKUP(AD64,GroupLabels!$E$2:$H$145,3,0) -> Kazakhstan - Russian
A65: Kenya - English | B65: 22 | C65: 9 | D65: 4 | E65: 6 | F65: 5 | G65: 4 | H65: 5 | I65: 4 | J65: 5 | K65: 6 | L65: 6 | M65: 6 | N65: 4 | O65: 5 | P65: 6 | Q65: 4 | R65: 5 | S65: 4 | T65: 4 | U65: 4 | V65: 4 | W65: 6 | X65: 4 | Y65: 4 | Z65: 5 | AA65: 5 | AD65: en-KE | AE65: =VLOOKUP(AD65,GroupLabels!$E$2:$H$145,3,0) -> Kenya - English
A66: Korea - Korean | B66: 22 | C66: 9 | D66: 4 | E66: 6 | F66: 5 | G66: 4 | H66: 5 | I66: 4 | J66: 5 | K66: 6 | L66: 6 | M66: 6 | N66: 4 | O66: 5 | P66: 6 | Q66: 4 | R66: 5 | S66: 4 | T66: 4 | U66: 4 | V66: 4 | W66: 6 | X66: 4 | Y66: 4 | Z66: 5 | AA66: 5 | AD66: ko-KR | AE66: =VLOOKUP(AD66,GroupLabels!$E$2:$H$145,3,0) -> Korea - Korean
A67: Kosovo - Albanian* | B67: 20 | C67: 9 | D67: 4 | E67: 6 | F67: 5 | G67: 4 | H67: 5 | I67: 4 | J67: 5 | K67: 6 | L67: 6 | M67: 6 | N67: 4 | O67: 5 | P67: 6 | Q67: 4 | R67: 5 | S67: 4 | T67: 4 | U67: 4 | V67: 4 | W67: 6 | X67: 4 | Y67: 4 | Z67: 5 | AA67: 5 | AD67: sq-XK | AE67: =VLOOKUP(AD67,GroupLabels!$E$2:$H$145,3,0) -> Kosovo - Albanian*
A68: Kurdistan Region (Iraq) - Bahdini* | B68: 21 | C68: 9 | D68: a | E68: 6 | F68: 5 | G68: a | H68: 5 | I68: 4 | J68: 5 | K68: a | L68: 6 | M68: 6 | N68: a | O68: 5 | P68: 6 | Q68: 4 | R68: 5 | S68: 4 | T68: a | U68: 4 | V68: 4 | W68: 6 | X68: 4 | Y68: a | Z68: 5 | AA68: a | AD68: kmr-Arab-IQ | AE68: =VLOOKUP(AD68,GroupLabels!$E$2:$H$145,3,0) -> Kurdistan Region (Iraq) - Bahdini*
A69: Kurdistan Region (Iraq) - English* | B69: 21 | C69: 10 | D69: a | E69: 6 | F69: 5 | G69: a | H69: 5 | I69: 4 | J69: 5 | K69: a | L69: 6 | M69: 6 | N69: a | O69: 5 | P69: 6 | Q69: 4 | R69: 5 | S69: 4 | T69: a | U69: 4 | V69: 4 | W69: 6 | X69: 4 | Y69: a | Z69: 5 | AA69: a | AD69: en-IQ-x-kurdstan | AE69: =VLOOKUP(AD69,GroupLabels!$E$2:$H$145,3,0) -> Kurdistan Region (Iraq) - English*
A70: Kurdistan Region (Iraq) - Sorani* | B70: 22 | C70: 9 | D70: a | E70: 6 | F70: 5 | G70: a | H70: 5 | I70: 4 | J70: 5 | K70: a | L70: 6 | M70: 6 | N70: a | O70: 5 | P70: 6 | Q70: 4 | R70: 5 | S70: 4 | T70: a | U70: 4 | V70: 4 | W70: 6 | X70: 4 | Y70: a | Z70: 5 | AA70: a | AD70: ckb-Arab-IQ | AE70: =VLOOKUP(AD70,GroupLabels!$E$2:$H$145,3,0) -> Kurdistan Region (Iraq) - Sorani*
A71: Kyrgyzstan - Kyrgyz / Kirghiz | B71: 20 | C71: 9 | D71: 4 | E71: 6 | F71: 5 | G71: 4 | H71: 5 | I71: 4 | J71: 5 | K71: 6 | L71: 6 | M71: 6 | N71: 4 | O71: 5 | P71: 6 | Q71: 4 | R71: 5 | S71: 4 | T71: 4 | U71: 4 | V71: 4 | W71: 6 | X71: 4 | Y71: 4 | Z71: 5 | AA71: 5 | AD71: ky-KG | AE71: =VLOOKUP(AD71,GroupLabels!$E$2:$H$145,3,0) -> Kyrgyzstan - Kyrgyz / Kirghiz
A72: Kyrgyzstan - Russian | B72: 21 | C72: 10 | D72: 4 | E72: 6 | F72: 5 | G72: 4 | H72: 5 | I72: 4 | J72: 5 | K72: 6 | L72: 6 | M72: 6 | N72: 4 | O72: 5 | P72: 6 | Q72: 4 | R72: 5 | S72: 4 | T72: 4 | U72: 4 | V72: 4 | W72: 6 | X72: 4 | Y72: 4 | Z72: 5 | AA72: 5 | AD72: ru-KG | AE72: =VLOOKUP(AD72,GroupLabels!$E$2:$H$145,3,0) -> Kyrgyzstan - Russian
A73: Kyrgyzstan - Uzbekistani | B73: 22 | C73: 9 | D73: 4 | E73: 6 | F73: 5 | G73: 4 | H73: 5 | I73: 4 | J73: 5 | K73: 6 | L73: 6 | M73: 6 | N73: 4 | O73: 5 | P73: 6 | Q73: 4 | R73: 5 | S73: 4 | T73: 4 | U73: 4 | V73: 4 | W73: 6 | X73: 4 | Y73: 4 | Z73: 5 | AA73: 5 | AD73: uz-KG | AE73: =VLOOKUP(AD73,GroupLabels!$E$2:$H$145,3,0) -> Kyrgyzstan - Uzbekistani
A74: Latvia - Latvian | B74: 19 | C74: 9 | D74: 4 | E74: 6 | F74: 5 | G74: 4 | H74: 5 | I74: 4 | J74: 5 | K74: 6 | L74: 6 | M74: 6 | N74: 4 | O74: 5 | P74: 6 | Q74: 4 | R74: 5 | S74: 4 | T74: 4 | U74: 4 | V74: 4 | W74: 6 | X74: 4 | Y74: 4 | Z74: 5 | AA74: 5 | AD74: lv-LV | AE74: =VLOOKUP(AD74,GroupLabels!$E$2:$H$145,3,0) -> Latvia - Latvian
A75: Lebanon - English* | B75: 20 | C75: 9 | D75: 4 | E75: 6 | F75: 5 | G75: 4 | H75: 5 | I75: 4 | J75: 5 | K75: 6 | L75: 6 | M75: 6 | N75: 4 | O75: 5 | P75: 6 | Q75: 4 | R75: 5 | S75: 4 | T75: 4 | U75: 4 | V75: 4 | W75: 6 | X75: 4 | Y75: 4 | Z75: 5 | AA75: 5 | AD75: en-LB | AE75: =VLOOKUP(AD75,GroupLabels!$E$2:$H$145,3,0) -> Lebanon - English*
A76: Lebanon - French* | B76: 21 | C76: 9 | D76: 4 | E76: 6 | F76: 5 | G76: 4 | H76: 5 | I76: 4 | J76: 5 | K76: 6 | L76: 6 | M76: 6 | N76: 4 | O76: 5 | P76: 6 | Q76: 4 | R76: 5 | S76: 4 | T76: 4 | U76: 4 | V76: 4 | W76: 6 | X76: 4 | Y76: 4 | Z76: 5 | AA76: 5 | AD76: fr-LB | AE76: =VLOOKUP(AD76,GroupLabels!$E$2:$H$145,3,0) -> Lebanon - French*
A77: Lithuania - Lithuanian | B77: 20 | C77: 10 | D77: 4 | E77: 6 | F77: 5 | G77: 4 | H77: 5 | I77: 4 | J77: 5 | K77: 6 | L77: 6 | M77: 6 | N77: 4 | O77: 5 | P77: 6 | Q77: 4 | R77: 5 | S77: 4 | T77: 4 | U77: 4 | V77: 4 | W77: 6 | X77: 4 | Y77: 4 | Z77: 5 | AA77: 5 | AD77: lt-LT | AE77: =VLOOKUP(AD77,GroupLabels!$E$2:$H$145,3,0) -> Lithuania - Lithuanian
A78: Lithuania - Polish | B78: 22 | C78: 10 | D78: 4 | E78: 6 | F78: 5 | G78: 4 | H78: 5 | I78: 4 | J78: 5 | K78: 6 | L78: 6 | M78: 6 | N78: 4 | O78: 5 | P78: 6 | Q78: 4 | R78: 5 | S78: 4 | T78: 4 | U78: 4 | V78: 4 | W78: 6 | X78: 4 | Y78: 4 | Z78: 5 | AA78: 5 | AD78: pl-LT | AE78: =VLOOKUP(AD78,GroupLabels!$E$2:$H$145,3,0) -> Lithuania - Polish
A79: Lithuania - Russian | B79: 21 | C79: 9 | D79: 4 | E79: 6 | F79: 5 | G79: 4 | H79: 5 | I79: 4 | J79: 5 | K79: 6 | L79: 6 | M79: 6 | N79: 4 | O79: 5 | P79: 6 | Q79: 4 | R79: 5 | S79: 4 | T79: 4 | U79: 4 | V79: 4 | W79: 6 | X79: 4 | Y79: 4 | Z79: 5 | AA79: 5 | AD79: ru-LT | AE79: =VLOOKUP(AD79,GroupLabels!$E$2:$H$145,3,0) -> Lithuania - Russian
A80: Luxembourg - English | B80: 20 | C80: 9 | D80: 4 | E80: 6 | F80: 5 | G80: 4 | H80: 5 | I80: 4 | J80: 5 | K80: 6 | L80: 6 | M80: 6 | N80: 4 | O80: 5 | P80: 6 | Q80: 4 | R80: 5 | S80: 4 | T80: 4 | U80: 4 | V80: 4 | W80: 6 | X80: 4 | Y80: 4 | Z80: 5 | AA80: 5 | AD80: en-LU | AE80: =VLOOKUP(AD80,GroupLabels!$E$2:$H$145,3,0) -> Luxembourg - English
A81: Luxembourg - French | B81: 20 | C81: 9 | D81: 4 | E81: 6 | F81: 5 | G81: 4 | H81: 5 | I81: 4 | J81: 5 | K81: 6 | L81: 6 | M81: 6 | N81: 4 | O81: 5 | P81: 6 | Q81: 4 | R81: 5 | S81: 4 | T81: 4 | U81: 4 | V81: 4 | W81: 6 | X81: 4 | Y81: 4 | Z81: 5 | AA81: 5 | AD81: fr-LU | AE81: =VLOOKUP(AD81,GroupLabels!$E$2:$H$145,3,0) -> Luxembourg - French
A82: Luxembourg - German | B82: 22 | C82: 9 | D82: 4 | E82: 6 | F82: 5 | G82: 4 | H82: 5 | I82: 4 | J82: 5 | K82: 6 | L82: 6 | M82: 6 | N82: 4 | O82: 5 | P82: 6 | Q82: 4 | R82: 5 | S82: 4 | T82: 4 | U82: 4 | V82: 4 | W82: 6 | X82: 4 | Y82: 4 | Z82: 5 | AA82: 5 | AD82: de-LU | AE82: =VLOOKUP(AD82,GroupLabels!$E$2:$H$145,3,0) -> Luxembourg - German
... A90: Malta - English | B90: 20 | C90: 9 | D90: 4 | E90: 6 | F90: 5 | G90: 4 | H90: 5 | I90: 4 | J90: 5 | K90: 6 | L90: 6 | M90: 6 | N90: 4 | O90: 5 | P90: 6 | Q90: 4 | R90: 5 | S90: 4 | T90: 4 | U90: 4 | V90: 4 | W90: 6 | X90: 4 | Y90: 4 | Z90: 5 | AA90: 5 | AD90: en-MT | AE90: =VLOOKUP(AD90,GroupLabels!$E$2:$H$145,3,0) -> Malta - English
A91: Mauritius - English | B91: 21 | C91: 10 | D91: a | E91: 6 | F91: 5 | G91: a | H91: 5 | I91: 4 | J91: 5 | K91: a | L91: 6 | M91: 6 | N91: a | O91: 5 | P91: 6 | Q91: 4 | R91: 5 | S91: 4 | T91: a | U91: 4 | V91: 4 | W91: 6 | X91: 4 | Y91: a | Z91: 5 | AA91: a | AD91: en-MU | AE91: =VLOOKUP(AD91,GroupLabels!$E$2:$H$145,3,0) -> Mauritius - English
A92: Mexico - Spanish | B92: 21 | C92: 10 | D92: 4 | E92: 6 | F92: 5 | G92: 4 | H92: 5 | I92: 4 | J92: 5 | K92: 6 | L92: 6 | M92: 6 | N92: 4 | O92: 5 | P92: 6 | Q92: 4 | R92: 5 | S92: 4 | T92: 4 | U92: 4 | V92: 4 | W92: 6 | X92: 4 | Y92: 4 | Z92: 5 | AA92: 5 | AD92: es-MX | AE92: =VLOOKUP(AD92,GroupLabels!$E$2:$H$145,3,0) -> Mexico - Spanish
A93: Moldova - Romanian | B93: 21 | C93: 10 | D93: 4 | E93: 6 | F93: 5 | G93: 4 | H93: 5 | I93: 4 | J93: 5 | K93: 6 | L93: 6 | M93: 6 | N93: 4 | O93: 5 | P93: 6 | Q93: 4 | R93: 5 | S93: 4 | T93: 4 | U93: 4 | V93: 4 | W93: 6 | X93: 4 | Y93: 4 | Z93: 5 | AA93: 5 | AD93: ro-MD | AE93: =VLOOKUP(AD93,GroupLabels!$E$2:$H$145,3,0) -> Moldova - Romanian
A94: Moldova - Russian | B94: 20 | C94: 9 | D94: 4 | E94: 6 | F94: 5 | G94: 4 | H94: 5 | I94: 4 | J94: 5 | K94: 6 | L94: 6 | M94: 6 | N94: 4 | O94: 5 | P94: 6 | Q94: 4 | R94: 5 | S94: 4 | T94: 4 | U94: 4 | V94: 4 | W94: 6 | X94: 4 | Y94: 4 | Z94: 5 | AA94: 5 | AD94: ru-MD | AE94: =VLOOKUP(AD94,GroupLabels!$E$2:$H$145,3,0) -> Moldova - Russian
A95: Mongolia - Kazakh | B95: 19 | C95: 9 | D95: 4 | E95: 6 | F95: 5 | G95: 4 | H95: 5 | I95: 4 | J95: 5 | K95: 6 | L95: 6 | M95: 6 | N95: 4 | O95: 5 | P95: 6 | Q95: 4 | R95: 5 | S95: 4 | T95: 4 | U95: 4 | V95: 4 | W95: 6 | X95: 4 | Y95: 4 | Z95: 5 | AA95: 5 | AD95: kk-MN | AE95: =VLOOKUP(AD95,GroupLabels!$E$2:$H$145,3,0) -> Mongolia - Kazakh
A96: Mongolia - Mongolian | B96: 22 | C96: 9 | D96: 4 | E96: 6 | F96: 5 | G96: 4 | H96: 5 | I96: 4 | J96: 5 | K96: 6 | L96: 6 | M96: 6 | N96: 4 | O96: 5 | P96: 6 | Q96: 4 | R96: 5 | S96: 4 | T96: 4 | U96: 4 | V96: 4 | W96: 6 | X96: 4 | Y96: 4 | Z96: 5 | AA96: 5 | AD96: mn-MN | AE96: =VLOOKUP(AD96,GroupLabels!$E$2:$H$145,3,0) -> Mongolia - Mongolian
A97: Montenegro - Albanian | B97: 19 | C97: 10 | D97: 4 | E97: 6 | F97: 5 | G97: 4 | H97: 5 | I97: 4 | J97: 5 | K97: 6 | L97: 6 | M97: 6 | N97: 4 | O97: 5 | P97: 6 | Q97: 4 | R97: 5 | S97: 4 | T97: 4 | U97: 4 | V97: 4 | W97: 6 | X97: 4 | Y97: 4 | Z97: 5 | AA97: 5 | AD97: sq-ME | AE97: =VLOOKUP(AD97,GroupLabels!$E$2:$H$145,3,0) -> Montenegro - Albanian
A98: Montenegro - Montenegrin | B98: 20 | C98: 9 | D98: 4 | E98: 6 | F98: 5 | G98: 4 | H98: 5 | I98: 4 | J98: 5 | K98: 6 | L98: 6 | M98: 6 | N98: 4 | O98: 5 | P98: 6 | Q98: 4 | R98: 5 | S98: 4 | T98: 4 | U98: 4 | V98: 4 | W98: 6 | X98: 4 | Y98: 4 | Z98: 5 | AA98: 5 | AD98: cnr-ME | AE98: =VLOOKUP(AD98,GroupLabels!$E$2:$H$145,3,0) -> Montenegro - Montenegrin
A99: Morocco - Arabic | B99: 20 | C99: 9 | D99: 4 | E99: 6 | F99: 5 | G99: 4 | H99: 5 | I99: 4 | J99: 5 | K99: 6 | L99: 6 | M99: 6 | N99: 4 | O99: 5 | P99: 6 | Q99: 4 | R99: 5 | S99: 4 | T99: 4 | U99: 4 | V99: 4 | W99: 6 | X99: 4 | Y99: 4 | Z99: 5 | AA99: 5 | AD99: ar-MA | AE99: =VLOOKUP(AD99,GroupLabels!$E$2:$H$145,3,0) -> Morocco - Arabic
A100: Netherlands - Dutch | B100: 22 | C100: 10 | D100: 4 | E100: 6 | F100: 5 | G100: 4 | H100: 5 | I100: 4 | J100: 5 | K100: 6 | L100: 6 | M100: 6 | N100: 4 | O100: 5 | P100: 6 | Q100: 4 | R100: 5 | S100: 4 | T100: 4 | U100: 4 | V100: 4 | W100: 6 | X100: 4 | Y100: 4 | Z100: 5 | AA100: 5 | AD100: nl-NL | AE100: =VLOOKUP(AD100,GroupLabels!$E$2:$H$145,3,0) -> Netherlands - Dutch
A101: New Zealand - English | B101: 22 | C101: 9 | D101: 4 | E101: 6 | F101: 5 | G101: 4 | H101: 5 | I101: 4 | J101: 5 | K101: 6 | L101: 6 | M101: 6 | N101: 4 | O101: 5 | P101: 6 | Q101: 4 | R101: 5 | S101: 4 | T101: 4 | U101: 4 | V101: 4 | W101: 6 | X101: 4 | Y101: 4 | Z101: 5 | AA101: 5 | AD101: en-NZ | AE101: =VLOOKUP(AD101,GroupLabels!$E$2:$H$145,3,0) -> New Zealand - English
A102: Norway - Norwegian Bokmål | B102: 16 | C102: 8 | D102: 4 | E102: 6 | F102: 5 | G102: a | H102: 5 | I102: 4 | J102: a | K102: 6 | L102: 6 | M102: 6 | N102: 4 | O102: 5 | P102: 6 | Q102: 4 | R102: 5 | S102: 4 | T102: 4 | U102: 4 | V102: 4 | W102: 6 | X102: 4 | Y102: 4 | Z102: 5 | AA102: 5 | AD102: nb-NO | AE102: =VLOOKUP(AD102,GroupLabels!$E$2:$H$145,3,0) -> Norway - Norwegian Bokmål
A103: Norway - Nynorsk | B103: 19 | C103: 9 | D103: 4 | E103: 6 | F103: 5 | G103: a | H103: 5 | I103: 4 | J103: a | K103: 6 | L103: 6 | M103: 6 | N103: 4 | O103: 5 | P103: 6 | Q103: 4 | R103: 5 | S103: 4 | T103: 4 | U103: 4 | V103: 4 | W103: 6 | X103: 4 | Y103: 4 | Z103: 5 | AA103: 5 | AD103: nn-NO | AE103: =VLOOKUP(AD103,GroupLabels!$E$2:$H$145,3,0) -> Norway - Nynorsk
A104: Palestinian Authority - Arabic* | B104: 22 | C104: 10 | D104: 4 | E104: 6 | F104: 5 | G104: 4 | H104: 5 | I104: 4 | J104: 5 | K104: 6 | L104: 6 | M104: 6 | N104: 4 | O104: 5 | P104: 6 | Q104: 4 | R104: 5 | S104: 4 | T104: 4 | U104: 4 | V104: 4 | W104: 6 | X104: 4 | Y104: 4 | Z104: 5 | AA104: 5 | AD104: ar-PS | AE104: =VLOOKUP(AD104,GroupLabels!$E$2:$H$145,3,0) -> Palestinian Authority - Arabic*
A105: Palestinian Authority - English* | B105: 22 | C105: 10 | D105: 4 | E105: 6 | F105: 5 | G105: 4 | H105: 5 | I105: 4 | J105: 5 | K105: 6 | L105: 6 | M105: 6 | N105: 4 | O105: 5 | P105: 6 | Q105: 4 | R105: 5 | S105: 4 | T105: 4 | U105: 4 | V105: 4 | W105: 6 | X105: 4 | Y105: 4 | Z105: 5 | AA105: 5 | AD105: en-PS | AE105: =VLOOKUP(AD105,GroupLabels!$E$2:$H$145,3,0) -> Palestinian Authority - English*
A106: Paraguay - Spanish | B106: 22 | C106: 9 | D106: 4 | E106: 6 | F106: 5 | G106: 4 | H106: 5 | I106: 4 | J106: 5 | K106: 6 | L106: 6 | M106: 6 | N106: 4 | O106: 5 | P106: 6 | Q106: 4 | R106: 5 | S106: 4 | T106: 4 | U106: 4 | V106: 4 | W106: 6 | X106: 4 | Y106: 4 | Z106: 5 | AA106: 5 | AD106: es-PY | AE106: =VLOOKUP(AD106,GroupLabels!$E$2:$H$145,3,0) -> Paraguay - Spanish
A107: Peru - Spanish | B107: 22 | C107: 9 | D107: 4 | E107: 6 | F107: 5 | G107: 4 | H107: 5 | I107: 4 | J107: 5 | K107: 6 | L107: 6 | M107: 6 | N107: 4 | O107: 5 | P107: 6 | Q107: 4 | R107: 5 | S107: 4 | T107: 4 | U107: 4 | V107: 4 | W107: 6 | X107: 4 | Y107: 4 | Z107: 5 | AA107: 5 | AD107: es-PE | AE107: =VLOOKUP(AD107,GroupLabels!$E$2:$H$145,3,0) -> Peru - Spanish
A108: Philippines - English | B108: 22 | C108: 9 | D108: 4 | E108: 6 | F108: 5 | G108: 4 | H108: 5 | I108: 4 | J108: 5 | K108: 6 | L108: 6 | M108: 6 | N108: 4 | O108: 5 | P108: 6 | Q108: 4 | R108: 5 | S108: 4 | T108: 4 | U108: 4 | V108: 4 | W108: 6 | X108: 4 | Y108: 4 | Z108: 5 | AA108: 5 | AD108: en-PH | AE108: =VLOOKUP(AD108,GroupLabels!$E$2:$H$145,3,0) -> Philippines - English
A109: Poland - Polish | B109: 22 | C109: 10 | D109: 4 | E109: 6 | F109: 5 | G109: 4 | H109: 5 | I109: 4 | J109: 5 | K109: 6 | L109: 6 | M109: 6 | N109: 4 | O109: 5 | P109: 6 | Q109: 4 | R109: 5 | S109: 4 | T109: 4 | U109: 4 | V109: 4 | W109: 6 | X109: 4 | Y109: 4 | Z109: 5 | AA109: 5 | AD109: pl-PL | AE109: =VLOOKUP(AD109,GroupLabels!$E$2:$H$145,3,0) -> Poland - Polish
A110: Portugal - Portuguese | B110: 21 | C110: 10 | D110: 4 | E110: 6 | F110: 5 | G110: 4 | H110: 5 | I110: 4 | J110: 5 | K110: 6 | L110: 6 | M110: 6 | N110: 4 | O110: 5 | P110: 6 | Q110: 4 | R110: 5 | S110: 4 | T110: 4 | U110: 4 | V110: 4 | W110: 6 | X110: 4 | Y110: 4 | Z110: 5 | AA110: 5 | AD110: pt-PT | AE110: =VLOOKUP(AD110,GroupLabels!$E$2:$H$145,3,0) -> Portugal - Portuguese
...

Sheet T22.A.13
A1: Table of Contents
A3: Table 22.A.13
A4: Number of trend items with international parameters for the trend IRT scales in the Student Questionnaire
A6: Country/economy (language group) | B6: ICTRES | C6: BELONG | D6: BULLIED | E6: FEELSAFE | F6: DISCLISCI | G6: TEACHSUP | H6: JOYSCIE | I6: ENVAWARE | J6: FAMSUP
A7: Albania - Albanian | B7: 8 | C7: 6 | D7: 4 | E7: 4 | F7: 5 | G7: 5 | H7: 4 | I7: 5 | J7: 5 | AC7: sq-AL | AD7: =VLOOKUP(AC7,GroupLabels!$E$2:$H$145,3,0) -> Albania - Albanian
A8: Argentina - Spanish | B8: 8 | C8: 6 | D8: 4 | E8: 4 | F8: 5 | G8: 5 | H8: 4 | I8: 5 | J8: 5 | AC8: es-AR | AD8: =VLOOKUP(AC8,GroupLabels!$E$2:$H$145,3,0) -> Argentina - Spanish
A9: Armenia - Armenian | B9: 8 | C9: 6 | D9: 4 | E9: 4 | F9: 5 | G9: 5 | H9: 4 | I9: 5 | J9: 5 | AC9: hy-AM | AD9: =VLOOKUP(AC9,GroupLabels!$E$2:$H$145,3,0) -> Armenia - Armenian
A10: Australia - English | B10: 8 | C10: 6 | D10: 4 | E10: 4 | F10: 5 | G10: 5 | H10: 4 | I10: 5 | J10: 5 | AC10: en-AU | AD10: =VLOOKUP(AC10,GroupLabels!$E$2:$H$145,3,0) -> Australia - English
A11: Austria - German | B11: 8 | C11: 6 | D11: 4 | E11: 4 | F11: 5 | G11: 5 | H11: 4 | I11: 5 | J11: 5 | AC11: de-AT | AD11: =VLOOKUP(AC11,GroupLabels!$E$2:$H$145,3,0) -> Austria - German
A12: Azerbaijan - Azerbaijani | B12: 8 | C12: 6 | D12: 4 | E12: 4 | F12: 5 | G12: 5 | H12: 4 | I12: 5 | J12: 5 | AC12: az-QZ | AD12: =VLOOKUP(AC12,GroupLabels!$E$2:$H$145,3,0) -> Azerbaijan - Azerbaijani
A13: Azerbaijan - Russian | B13: 8 | C13: 6 | D13: 4 | E13: 4 | F13: 5 | G13: 5 | H13: 4 | I13: 5 | J13: 5 | AC13: ru-QZ | AD13: =VLOOKUP(AC13,GroupLabels!$E$2:$H$145,3,0) -> Azerbaijan - Russian
A14: B-S-J-G (China) - Chinese* | B14: 8 | C14: 6 | D14: 4 | E14: 4 | F14: 5 | G14: 5 | H14: 4 | I14: 5 | J14: 5 | AC14: zh-CN | AD14: =VLOOKUP(AC14,GroupLabels!$E$2:$H$145,3,0) -> B-S-J-G (China) - Chinese*
A15: Belgium (Flemish Community) - Dutch | B15: 8 | C15: 6 | D15: 4 | E15: 4 | F15: 5 | G15: 5 | H15: 4 | I15: 5 | J15: 5 | AC15: nl-BE | AD15: =VLOOKUP(AC15,GroupLabels!$E$2:$H$145,3,0) -> Belgium (Flemish Community) - Dutch
A16: Belgium (French Community) - French | B16: 8 | C16: 6 | D16: 4 | E16: 4 | F16: 5 | G16: 5 | H16: 4 | I16: 5 | J16: 5 | AC16: fr-BE | AD16: =VLOOKUP(AC16,GroupLabels!$E$2:$H$145,3,0) -> Belgium (French Community) - French
A17: Belgium (French Community) - German | B17: 8 | C17: 6 | D17: 4 | E17: 4 | F17: 5 | G17: 5 | H17: 4 | I17: 5 | J17: 5 | AC17: de-BE | AD17: =VLOOKUP(AC17,GroupLabels!$E$2:$H$145,3,0) -> Belgium (French Community) - German
A18: Brazil - Portuguese | B18: 8 | C18: 6 | D18: 4 | E18: 4 | F18: 5 | G18: 5 | H18: 4 | I18: 5 | J18: 5 | AC18: pt-BR | AD18: =VLOOKUP(AC18,GroupLabels!$E$2:$H$145,3,0) -> Brazil - Portuguese
... A20: Bulgaria - Bulgarian | B20: 8 | C20: 6 | D20: 4 | E20: 4 | F20: 5 | G20: 5 | H20: 4 | I20: 5 | J20: 5 | AC20: bg-BG | AD20: =VLOOKUP(AC20,GroupLabels!$E$2:$H$145,3,0) -> Bulgaria - Bulgarian
A21: Cambodia - Khmer | B21: 8 | C21: 6 | D21: 4 | E21: 4 | F21: a | G21: a | H21: 4 | I21: 5 | J21: 5 | AC21: km-KH | AD21: =VLOOKUP(AC21,GroupLabels!$E$2:$H$145,3,0) -> Cambodia - Khmer
A22: Canada - English | B22: 8 | C22: 6 | D22: 4 | E22: 4 | F22: 5 | G22: a | H22: 4 | I22: 5 | J22: 5 | AC22: en-CA | AD22: =VLOOKUP(AC22,GroupLabels!$E$2:$H$145,3,0) -> Canada - English
A23: Canada - French | B23: 8 | C23: 6 | D23: 4 | E23: 4 | F23: 5 | G23: a | H23: 4 | I23: 5 | J23: 5 | AC23: fr-CA | AD23: =VLOOKUP(AC23,GroupLabels!$E$2:$H$145,3,0) -> Canada - French
A24: Chile - Spanish | B24: 8 | C24: 6 | D24: 4 | E24: 4 | F24: 5 | G24: 5 | H24: 4 | I24: 5 | J24: 5 | AC24: es-CL | AD24: =VLOOKUP(AC24,GroupLabels!$E$2:$H$145,3,0) -> Chile - Spanish
A25: Colombia - Spanish | B25: 8 | C25: 6 | D25: 4 | E25: 4 | F25: 5 | G25: 5 | H25: 4 | I25: 5 | J25: 5 | AC25: es-CO | AD25: =VLOOKUP(AC25,GroupLabels!$E$2:$H$145,3,0) -> Colombia - Spanish
A26: Costa Rica - Spanish | B26: a | C26: 6 | D26: 4 | E26: 4 | F26: 5 | G26: 5 | H26: 4 | I26: 5 | J26: a | AC26: es-CR | AD26: =VLOOKUP(AC26,GroupLabels!$E$2:$H$145,3,0) -> Costa Rica - Spanish
A27: Croatia - Croatian | B27: 8 | C27: 6 | D27: 4 | E27: 4 | F27: 5 | G27: 5 | H27: 4 | I27: 5 | J27: 5 | AC27: hr-HR | AD27: =VLOOKUP(AC27,GroupLabels!$E$2:$H$145,3,0) -> Croatia - Croatian
A28: Cyprus - English* | B28: 8 | C28: 6 | D28: 4 | E28: 4 | F28: 5 | G28: 5 | H28: 4 | I28: 5 | J28: 5 | AC28: en-CY | AD28: =VLOOKUP(AC28,GroupLabels!$E$2:$H$145,3,0) -> Cyprus - English*
A29: Cyprus - Modern Greek* | B29: 8 | C29: 6 | D29: 4 | E29: 4 | F29: 5 | G29: 5 | H29: 4 | I29: 5 | J29: 5 | AC29: el-CY | AD29: =VLOOKUP(AC29,GroupLabels!$E$2:$H$145,3,0) -> Cyprus - Modern Greek*
A30: Czechia - Czech | B30: 8 | C30: 6 | D30: 4 | E30: 4 | F30: 5 | G30: 5 | H30: 4 | I30: 5 | J30: 5 | AC30: cs-CZ | AD30: =VLOOKUP(AC30,GroupLabels!$E$2:$H$145,3,0) -> Czechia - Czech
A31: Denmark - Danish | B31: 8 | C31: 6 | D31: 4 | E31: a | F31: 5 | G31: 5 | H31: 4 | I31: 5 | J31: 5 | AC31: da-DK | AD31: =VLOOKUP(AC31,GroupLabels!$E$2:$H$145,3,0) -> Denmark - Danish
A32: Denmark - Faroese | B32: 8 | C32: 6 | D32: 4 | E32: a | F32: 5 | G32: 5 | H32: 4 | I32: 5 | J32: 5 | AC32: fo-DK | AD32: =VLOOKUP(AC32,GroupLabels!$E$2:$H$145,3,0) -> Denmark - Faroese
A33: Dominican Republic - Spanish | B33: 8 | C33: 6 | D33: 4 | E33: 4 | F33: 5 | G33: 5 | H33: 4 | I33: 5 | J33: 5 | AC33: es-DO | AD33: =VLOOKUP(AC33,GroupLabels!$E$2:$H$145,3,0) -> Dominican Republic - Spanish
A34: Dushanbe (Tajikistan) - Russian | B34: 8 | C34: 6 | D34: 4 | E34: 4 | F34: a | G34: a | H34: 4 | I34: 5 | J34: 5 | AC34: ru-TJ | AD34: =VLOOKUP(AC34,GroupLabels!$E$2:$H$145,3,0) -> Dushanbe (Tajikistan) - Russian
A35: Dushanbe (Tajikistan) - Tajik | B35: 8 | C35: 6 | D35: 4 | E35: 4 | F35: a | G35: a | H35: 4 | I35: 5 | J35: 5 | AC35: tg-TJ | AD35: =VLOOKUP(AC35,GroupLabels!$E$2:$H$145,3,0) -> Dushanbe (Tajikistan) - Tajik
A36: Ecuador - Spanish | B36: 8 | C36: 6 | D36: 4 | E36: 4 | F36: 5 | G36: 5 | H36: 4 | I36: 5 | J36: 5 | AC36: es-EC | AD36: =VLOOKUP(AC36,GroupLabels!$E$2:$H$145,3,0) -> Ecuador - Spanish
A37: El Salvador - Spanish | B37: 8 | C37: 6 | D37: 4 | E37: 4 | F37: 5 | G37: 5 | H37: 4 | I37: 5 | J37: 5 | AC37: es-SV | AD37: =VLOOKUP(AC37,GroupLabels!$E$2:$H$145,3,0) -> El Salvador - Spanish
A38: Estonia - Estonian | B38: 8 | C38: 6 | D38: 4 | E38: 4 | F38: 5 | G38: 5 | H38: 4 | I38: 5 | J38: 5 | AC38: et-EE | AD38: =VLOOKUP(AC38,GroupLabels!$E$2:$H$145,3,0) -> Estonia - Estonian
A39: Estonia - Russian | B39: 8 | C39: 6 | D39: 4 | E39: 4 | F39: 5 | G39: 5 | H39: 4 | I39: 5 | J39: 5 | AC39: ru-EE | AD39: =VLOOKUP(AC39,GroupLabels!$E$2:$H$145,3,0) -> Estonia - Russian
A40: Finland - Finnish | B40: 8 | C40: 6 | D40: 4 | E40: 4 | F40: 5 | G40: 5 | H40: 4 | I40: 5 | J40: 5 | AC40: fi-FI | AD40: =VLOOKUP(AC40,GroupLabels!$E$2:$H$145,3,0) -> Finland - Finnish
A41: Finland - Swedish | B41: 8 | C41: 6 | D41: 4 | E41: 4 | F41: 5 | G41: 5 | H41: 4 | I41: 5 | J41: 5 | AC41: sv-FI | AD41: =VLOOKUP(AC41,GroupLabels!$E$2:$H$145,3,0) -> Finland - Swedish
A42: France - French | B42: 8 | C42: 6 | D42: 4 | E42: 4 | F42: 5 | G42: 5 | H42: 4 | I42: 5 | J42: 5 | AC42: fr-FR | AD42: =VLOOKUP(AC42,GroupLabels!$E$2:$H$145,3,0) -> France - French
A43: Georgia - Azerbaijani | B43: 8 | C43: 6 | D43: 4 | E43: 4 | F43: 5 | G43: 5 | H43: 4 | I43: 5 | J43: 5 | AC43: az-GE | AD43: =VLOOKUP(AC43,GroupLabels!$E$2:$H$145,3,0) -> Georgia - Azerbaijani
A44: Georgia - Georgian | B44: 8 | C44: 6 | D44: 4 | E44: 4 | F44: 5 | G44: 5 | H44: 4 | I44: 5 | J44: 5 | AC44: ka-GE | AD44: =VLOOKUP(AC44,GroupLabels!$E$2:$H$145,3,0) -> Georgia - Georgian
A45: Georgia - Russian | B45: 8 | C45: 6 | D45: 4 | E45: 4 | F45: 5 | G45: 5 | H45: 4 | I45: 5 | J45: 5 | AC45: ru-GE | AD45: =VLOOKUP(AC45,GroupLabels!$E$2:$H$145,3,0) -> Georgia - Russian
A46: Germany - German | B46: 8 | C46: 6 | D46: 4 | E46: a | F46: 5 | G46: 5 | H46: 4 | I46: 5 | J46: 5 | AC46: de-DE | AD46: =VLOOKUP(AC46,GroupLabels!$E$2:$H$145,3,0) -> Germany - German
A47: Greece - Modern Greek | B47: 8 | C47: 6 | D47: 4 | E47: 4 | F47: 5 | G47: 5 | H47: 4 | I47: 5 | J47: 5 | AC47: el-GR | AD47: =VLOOKUP(AC47,GroupLabels!$E$2:$H$145,3,0) -> Greece - Modern Greek
A48: Guatemala - Spanish | B48: 8 | C48: 6 | D48: 4 | E48: 4 | F48: 5 | G48: 5 | H48: 4 | I48: 5 | J48: 5 | AC48: es-GT | AD48: =VLOOKUP(AC48,GroupLabels!$E$2:$H$145,3,0) -> Guatemala - Spanish
A49: Hong Kong (China) - Chinese | B49: 8 | C49: 6 | D49: 4 | E49: 4 | F49: 5 | G49: 5 | H49: 4 | I49: 5 | J49: 5 | AC49: zh-HK | AD49: =VLOOKUP(AC49,GroupLabels!$E$2:$H$145,3,0) -> Hong Kong (China) - Chinese
A50: Hong Kong (China) - English | B50: 8 | C50: 6 | D50: 4 | E50: 4 | F50: 5 | G50: 5 | H50: 4 | I50: 5 | J50: 5 | AC50: en-HK | AD50: =VLOOKUP(AC50,GroupLabels!$E$2:$H$145,3,0) -> Hong Kong (China) - English
A51: Hungary - Hungarian | B51: 8 | C51: 6 | D51: 4 | E51: 4 | F51: 5 | G51: 5 | H51: 4 | I51: 5 | J51: 5 | AC51: hu-HU | AD51: =VLOOKUP(AC51,GroupLabels!$E$2:$H$145,3,0) -> Hungary - Hungarian
A52: Iceland - Icelandic | B52: 8 | C52: 6 | D52: 4 | E52: 4 | F52: 5 | G52: 5 | H52: 4 | I52: 5 | J52: 5 | AC52: is-IS | AD52: =VLOOKUP(AC52,GroupLabels!$E$2:$H$145,3,0) -> Iceland - Icelandic
A53: Indonesia - Indonesian | B53: 8 | C53: 6 | D53: 4 | E53: 4 | F53: 5 | G53: 5 | H53: 4 | I53: 5 | J53: 5 | AC53: id-ID | AD53: =VLOOKUP(AC53,GroupLabels!$E$2:$H$145,3,0) -> Indonesia - Indonesian
A54: Ireland - English | B54: 8 | C54: 6 | D54: 4 | E54: 4 | F54: 5 | G54: 5 | H54: 4 | I54: 5 | J54: 5 | AC54: en-IE | AD54: =VLOOKUP(AC54,GroupLabels!$E$2:$H$145,3,0) -> Ireland - English
A55: Ireland - Irish Gaeilge | B55: 8 | C55: 6 | D55: 4 | E55: 4 | F55: 5 | G55: 5 | H55: 4 | I55: 5 | J55: 5 | AC55: ga-IE | AD55: =VLOOKUP(AC55,GroupLabels!$E$2:$H$145,3,0) -> Ireland - Irish Gaeilge
A56: Israel - Arabic* | B56: 8 | C56: 6 | D56: 4 | E56: 4 | F56: 5 | G56: 5 | H56: 4 | I56: 5 | J56: 5 | AC56: ar-IL | AD56: =VLOOKUP(AC56,GroupLabels!$E$2:$H$145,3,0) -> Israel - Arabic*
A57: Israel - Haredi* | B57: a | C57: 6 | D57: a | E57: 4 | F57: 5 | G57: 5 | H57: 4 | I57: 5 | J57: 5 | AC57: he-IL-x-haredi | AD57: =VLOOKUP(AC57,GroupLabels!$E$2:$H$145,3,0) -> Israel - Haredi*
A58: Israel - Hebrew* | B58: 8 | C58: 6 | D58: 4 | E58: 4 | F58: 5 | G58: 5 | H58: 4 | I58: 5 | J58: 5 | AC58: he-IL | AD58: =VLOOKUP(AC58,GroupLabels!$E$2:$H$145,3,0) -> Israel - Hebrew*
A59: Italy - German | B59: 8 | C59: 6 | D59: 4 | E59: 4 | F59: 5 | G59: 5 | H59: 4 | I59: 5 | J59: 5 | AC59: de-IT | AD59: =VLOOKUP(AC59,GroupLabels!$E$2:$H$145,3,0) -> Italy - German
A60: Italy - Italian | B60: 8 | C60: 6 | D60: 4 | E60: 4 | F60: 5 | G60: 5 | H60: 4 | I60: 5 | J60: 5 | AC60: it-IT | AD60: =VLOOKUP(AC60,GroupLabels!$E$2:$H$145,3,0) -> Italy - Italian
A61: Japan - Japanese | B61: 8 | C61: 6 | D61: 4 | E61: a | F61: 5 | G61: 5 | H61: 4 | I61: 5 | J61: 5 | AC61: ja-JP | AD61: =VLOOKUP(AC61,GroupLabels!$E$2:$H$145,3,0) -> Japan - Japanese
A62: Jordan - Arabic | B62: 8 | C62: 6 | D62: 4 | E62: 4 | F62: 5 | G62: 5 | H62: 4 | I62: 5 | J62: 5 | AC62: ar-JO | AD62: =VLOOKUP(AC62,GroupLabels!$E$2:$H$145,3,0) -> Jordan - Arabic
A63: Kazakhstan - Kazakh | B63: 8 | C63: 6 | D63: 4 | E63: 4 | F63: 5 | G63: 5 | H63: 4 | I63: 5 | J63: 5 | AC63: kk-KZ | AD63: =VLOOKUP(AC63,GroupLabels!$E$2:$H$145,3,0) -> Kazakhstan - Kazakh
A64: Kazakhstan - Russian | B64: 8 | C64: 6 | D64: 4 | E64: 4 | F64: 5 | G64: 5 | H64: 4 | I64: 5 | J64: 5 | AC64: ru-KZ | AD64: =VLOOKUP(AC64,GroupLabels!$E$2:$H$145,3,0) -> Kazakhstan - Russian
A65: Kenya - English | B65: 8 | C65: 6 | D65: 4 | E65: 4 | F65: 5 | G65: 5 | H65: 4 | I65: 5 | J65: 5 | AC65: en-KE | AD65: =VLOOKUP(AC65,GroupLabels!$E$2:$H$145,3,0) -> Kenya - English
A66: Korea - Korean | B66: 8 | C66: 6 | D66: 4 | E66: 4 | F66: 5 | G66: 5 | H66: 4 | I66: 5 | J66: 5 | AC66: ko-KR | AD66: =VLOOKUP(AC66,GroupLabels!$E$2:$H$145,3,0) -> Korea - Korean
A67: Kosovo - Albanian* | B67: 8 | C67: 6 | D67: 4 | E67: 4 | F67: 5 | G67: 5 | H67: 4 | I67: 5 | J67: 5 | AC67: sq-XK | AD67: =VLOOKUP(AC67,GroupLabels!$E$2:$H$145,3,0) -> Kosovo - Albanian*
A68: Kurdistan Region (Iraq) - Bahdini* | B68: 8 | C68: 6 | D68: 4 | E68: 4 | F68: a | G68: a | H68: 4 | I68: 5 | J68: 5 | AC68: kmr-Arab-IQ | AD68: =VLOOKUP(AC68,GroupLabels!$E$2:$H$145,3,0) -> Kurdistan Region (Iraq) - Bahdini*
A69: Kurdistan Region (Iraq) - English* | B69: 8 | C69: 6 | D69: 4 | E69: 4 | F69: a | G69: a | H69: 4 | I69: 5 | J69: 5 | AC69: en-IQ-x-kurdstan | AD69: =VLOOKUP(AC69,GroupLabels!$E$2:$H$145,3,0) -> Kurdistan Region (Iraq) - English*
A70: Kurdistan Region (Iraq) - Sorani* | B70: 8 | C70: 6 | D70: 4 | E70: 4 | F70: a | G70: a | H70: 4 | I70: 5 | J70: 5 | AC70: ckb-Arab-IQ | AD70: =VLOOKUP(AC70,GroupLabels!$E$2:$H$145,3,0) -> Kurdistan Region (Iraq) - Sorani*
A71: Kyrgyzstan - Kyrgyz / Kirghiz | B71: 8 | C71: 6 | D71: 4 | E71: 4 | F71: 5 | G71: 5 | H71: 4 | I71: 5 | J71: 5 | AC71: ky-KG | AD71: =VLOOKUP(AC71,GroupLabels!$E$2:$H$145,3,0) -> Kyrgyzstan - Kyrgyz / Kirghiz
A72: Kyrgyzstan - Russian | B72: 8 | C72: 6 | D72: 4 | E72: 4 | F72: 5 | G72: 5 | H72: 4 | I72: 5 | J72: 5 | AC72: ru-KG | AD72: =VLOOKUP(AC72,GroupLabels!$E$2:$H$145,3,0) -> Kyrgyzstan - Russian
A73: Kyrgyzstan - Uzbekistani | B73: 8 | C73: 6 | D73: 4 | E73: 4 | F73: 5 | G73: 5 | H73: 4 | I73: 5 | J73: 5 | AC73: uz-KG | AD73: =VLOOKUP(AC73,GroupLabels!$E$2:$H$145,3,0) -> Kyrgyzstan - Uzbekistani
A74: Latvia - Latvian | B74: 8 | C74: 6 | D74: 4 | E74: 4 | F74: 5 | G74: 5 | H74: 4 | I74: 5 | J74: 5 | AC74: lv-LV | AD74: =VLOOKUP(AC74,GroupLabels!$E$2:$H$145,3,0) -> Latvia - Latvian
A75: Lebanon - English* | B75: 8 | C75: 6 | D75: 4 | E75: 4 | F75: 5 | G75: 5 | H75: 4 | I75: 5 | J75: 5 | AC75: en-LB | AD75: =VLOOKUP(AC75,GroupLabels!$E$2:$H$145,3,0) -> Lebanon - English*
A76: Lebanon - French* | B76: 8 | C76: 6 | D76: 4 | E76: 4 | F76: 5 | G76: 5 | H76: 4 | I76: 5 | J76: 5 | AC76: fr-LB | AD76: =VLOOKUP(AC76,GroupLabels!$E$2:$H$145,3,0) -> Lebanon - French*
A77: Lithuania - Lithuanian | B77: 8 | C77: 6 | D77: 4 | E77: 4 | F77: 5 | G77: 5 | H77: 4 | I77: 5 | J77: 5 | AC77: lt-LT | AD77: =VLOOKUP(AC77,GroupLabels!$E$2:$H$145,3,0) -> Lithuania - Lithuanian
A78: Lithuania - Polish | B78: 8 | C78: 6 | D78: 4 | E78: 4 | F78: 5 | G78: 5 | H78: 4 | I78: 5 | J78: 5 | AC78: pl-LT | AD78: =VLOOKUP(AC78,GroupLabels!$E$2:$H$145,3,0) -> Lithuania - Polish
A79: Lithuania - Russian | B79: 8 | C79: 6 | D79: 4 | E79: 4 | F79: 5 | G79: 5 | H79: 4 | I79: 5 | J79: 5 | AC79: ru-LT | AD79: =VLOOKUP(AC79,GroupLabels!$E$2:$H$145,3,0) -> Lithuania - Russian
A80: Luxembourg - English | B80: 8 | C80: 6 | D80: 4 | E80: 4 | F80: 5 | G80: 5 | H80: 4 | I80: 5 | J80: 5 | AC80: en-LU | AD80: =VLOOKUP(AC80,GroupLabels!$E$2:$H$145,3,0) -> Luxembourg - English
A81: Luxembourg - French | B81: 8 | C81: 6 | D81: 4 | E81: 4 | F81: 5 | G81: 5 | H81: 4 | I81: 5 | J81: 5 | AC81: fr-LU | AD81: =VLOOKUP(AC81,GroupLabels!$E$2:$H$145,3,0) -> Luxembourg - French
A82: Luxembourg - German | B82: 8 | C82: 6 | D82: 4 | E82: 4 | F82: 5 | G82: 5 | H82: 4 | I82: 5 | J82: 5 | AC82: de-LU | AD82: =VLOOKUP(AC82,GroupLabels!$E$2:$H$145,3,0) -> Luxembourg - German
... A90: Malta - English | B90: 8 | C90: 6 | D90: 4 | E90: 4 | F90: 5 | G90: 5 | H90: 4 | I90: 5 | J90: 5 | AC90: en-MT | AD90: =VLOOKUP(AC90,GroupLabels!$E$2:$H$145,3,0) -> Malta - English
A91: Mauritius - English | B91: 8 | C91: 6 | D91: 4 | E91: 4 | F91: a | G91: a | H91: 4 | I91: 5 | J91: 5 | AC91: en-MU | AD91: =VLOOKUP(AC91,GroupLabels!$E$2:$H$145,3,0) -> Mauritius - English
A92: Mexico - Spanish | B92: 8 | C92: 6 | D92: 4 | E92: 4 | F92: 5 | G92: 5 | H92: 4 | I92: 5 | J92: 5 | AC92: es-MX | AD92: =VLOOKUP(AC92,GroupLabels!$E$2:$H$145,3,0) -> Mexico - Spanish
A93: Moldova - Romanian | B93: 8 | C93: 6 | D93: 4 | E93: 4 | F93: 5 | G93: 5 | H93: 4 | I93: 5 | J93: 5 | AC93: ro-MD | AD93: =VLOOKUP(AC93,GroupLabels!$E$2:$H$145,3,0) -> Moldova - Romanian
A94: Moldova - Russian | B94: 8 | C94: 6 | D94: 4 | E94: 4 | F94: 5 | G94: 5 | H94: 4 | I94: 5 | J94: 5 | AC94: ru-MD | AD94: =VLOOKUP(AC94,GroupLabels!$E$2:$H$145,3,0) -> Moldova - Russian
A95: Mongolia - Kazakh | B95: 8 | C95: 6 | D95: 4 | E95: 4 | F95: 5 | G95: 5 | H95: 4 | I95: 5 | J95: 5 | AC95: kk-MN | AD95: =VLOOKUP(AC95,GroupLabels!$E$2:$H$145,3,0) -> Mongolia - Kazakh
A96: Mongolia - Mongolian | B96: 8 | C96: 6 | D96: 4 | E96: 4 | F96: 5 | G96: 5 | H96: 4 | I96: 5 | J96: 5 | AC96: mn-MN | AD96: =VLOOKUP(AC96,GroupLabels!$E$2:$H$145,3,0) -> Mongolia - Mongolian
A97: Montenegro - Albanian | B97: 8 | C97: 6 | D97: 4 | E97: 4 | F97: 5 | G97: 5 | H97: 4 | I97: 5 | J97: 5 | AC97: sq-ME | AD97: =VLOOKUP(AC97,GroupLabels!$E$2:$H$145,3,0) -> Montenegro - Albanian
A98: Montenegro - Montenegrin | B98: 8 | C98: 6 | D98: 4 | E98: 4 | F98: 5 | G98: 5 | H98: 4 | I98: 5 | J98: 5 | AC98: cnr-ME | AD98: =VLOOKUP(AC98,GroupLabels!$E$2:$H$145,3,0) -> Montenegro - Montenegrin
A99: Morocco - Arabic | B99: 8 | C99: 6 | D99: 4 | E99: 4 | F99: 5 | G99: 5 | H99: 4 | I99: 5 | J99: 5 | AC99: ar-MA | AD99: =VLOOKUP(AC99,GroupLabels!$E$2:$H$145,3,0) -> Morocco - Arabic
A100: Netherlands - Dutch | B100: 8 | C100: 6 | D100: 4 | E100: 4 | F100: 5 | G100: 5 | H100: 4 | I100: 5 | J100: 5 | AC100: nl-NL | AD100: =VLOOKUP(AC100,GroupLabels!$E$2:$H$145,3,0) -> Netherlands - Dutch
A101: New Zealand - English | B101: 8 | C101: 6 | D101: 4 | E101: 4 | F101: 5 | G101: 5 | H101: 4 | I101: 5 | J101: 5 | AC101: en-NZ | AD101: =VLOOKUP(AC101,GroupLabels!$E$2:$H$145,3,0) -> New Zealand - English
A102: Norway - Norwegian Bokmål | B102: 7 | C102: 6 | D102: 4 | E102: 4 | F102: 5 | G102: 5 | H102: 4 | I102: 5 | J102: 5 | AC102: nb-NO | AD102: =VLOOKUP(AC102,GroupLabels!$E$2:$H$145,3,0) -> Norway - Norwegian Bokmål
A103: Norway - Nynorsk | B103: 8 | C103: 6 | D103: 4 | E103: 4 | F103: 5 | G103: 5 | H103: 4 | I103: 5 | J103: 5 | AC103: nn-NO | AD103: =VLOOKUP(AC103,GroupLabels!$E$2:$H$145,3,0) -> Norway - Nynorsk
... A114: Romania - Romanian | B114: 8 | C114: 6 | D114: 4 | E114: 4 | F114: 5 | G114: 5 | H114: 4 | I114: 5 | J114: 5 | AC114: ro-RO | AD114: =VLOOKUP(AC114,GroupLabels!$E$2:$H$145,3,0) -> Romania - Romanian
A115: Rwanda - English | B115: 8 | C115: 6 | D115: 4 | E115: 4 | F115: a | G115: a | H115: 4 | I115: 5 | J115: 5 | AC115: en-RW | AD115: =VLOOKUP(AC115,GroupLabels!$E$2:$H$145,3,0) -> Rwanda - English
A116: Saudi Arabia - Arabic | B116: 8 | C116: 6 | D116: 4 | E116: 4 | F116: 5 | G116: 5 | H116: 4 | I116: 5 | J116: 5 | AC116: ar-SA | AD116: =VLOOKUP(AC116,GroupLabels!$E$2:$H$145,3,0) -> Saudi Arabia - Arabic
A117: Saudi Arabia - English | B117: 8 | C117: 6 | D117: 4 | E117: 4 | F117: 5 | G117: 5 | H117: 4 | I117: 5 | J117: 5 | AC117: en-SA | AD117: =VLOOKUP(AC117,GroupLabels!$E$2:$H$145,3,0) -> Saudi Arabia - English
A118: Serbia - Serbian | B118: 8 | C118: 6 | D118: 4 | E118: 4 | F118: 5 | G118: 5 | H118: 4 | I118: 5 | J118: 5 | AC118: sr-RS | AD118: =VLOOKUP(AC118,GroupLabels!$E$2:$H$145,3,0) -> Serbia - Serbian
A119: Singapore - English | B119: 8 | C119: 6 | D119: 4 | E119: 4 | F119: 5 | G119: 5 | H119: 4 | I119: 5 | J119: 5 | AC119: en-SG | AD119: =VLOOKUP(AC119,GroupLabels!$E$2:$H$145,3,0) -> Singapore - English
A120: Slovak Republic - Hungarian | B120: 8 | C120: 6 | D120: 4 | E120: 4 | F120: 5 | G120: 5 | H120: 4 | I120: 5 | J120: 5 | AC120: hu-SK | AD120: =VLOOKUP(AC120,GroupLabels!$E$2:$H$145,3,0) -> Slovak Republic - Hungarian
...

Sheet T22.A.14
A1: Table of Contents
A3: Table 22.A.14
A4: Countries/economies for which the scale scores were suppressed for the IRT scales in the Student Questionnaire
A6: Scale | B6: Country/economy
A7: BELONG | B7: Cambodia | P7: KHM
A8: BELONG | B8: Guatemala | P8: GTM
A9: BELONG | B9: Kurdistan Region (Iraq)* | P9: QKI
A10: BELONG | B10: Lebanon* | P10: LBN
A11: BELONG | B11: Rwanda | P11: RWA
A12: BELONG | B12: Zambia | P12: ZMB
A13: COLLENEFF | B13: Cambodia | P13: KHM
A14: CURIO | B14: Cambodia | P14: KHM
A15: ENVCAPCH | B15: Cambodia | P15: KHM
A16: ICTRES | B16: Australia | P16: AUS
A17: ICTRES | B17: Austria | P17: AUT
A18: ICTRES | B18: Belgium | P18: BEL
... A55: PERSEV | B55: Zambia | P55: ZMB

Sheet T22.A.15
A1: Table of Contents
A3: Table 22.A.15
A4: Groups that did not administer the IRT scales in the Student Questionnaire
A6: Scale | B6: Country/economy (language group)
A7: AIUSESCH | B7: Cambodia - Khmer
A8: AIUSESCH | B8: Dushanbe (Tajikistan) - Russian
A9: AIUSESCH | B9: Dushanbe (Tajikistan) - Tajik
A10: AIUSESCH | B10: Kurdistan Region (Iraq) - English*
A11: AIUSESCH | B11: Kurdistan Region (Iraq) - Bahdini*
A12: AIUSESCH | B12: Kurdistan Region (Iraq) - Sorani*
A13: AIUSESCH | B13: Mauritius - English
A14: AIUSESCH | B14: Rwanda - English
A15: AIUSESCH | B15: Zambia - English
A16: COGABIL | B16: Cambodia - Khmer
A17: COGABIL | B17: Dushanbe (Tajikistan) - Russian
... A94: TEACHSUP | B94: Zambia - English

Sheet T22.A.16
A1: Table of Contents
A3: Table 22.A.16
A4: Items in the HOMEPOS scale
A6: Group (International) | B6: Item | C6: Wording | D6: Response categories | E6: Alpha | F6: Beta | G6: Step_1 | H6: Step_2 | I6: Step_3 | J6: Step_4 | K6: Step_5
A7: International | B7: ST250Q01JA | C7: Which of the following are in your <home>? A room of your own | D7: 2 | E7: 0.61662 | F7: -2.33529
A8: International | B8: ST250Q02JA | C8: Which of the following are in your <home>? A computer (laptop, desktop, or tablet) that you can use for school work | D8: 2 | E8: 1.42854 | F8: -3.54503
A9: International | B9: ST250Q03JA | C9: Which of the following are in your <home>? Educational Software or Apps | D9: 2 | E9: 0.72987 | F9: -1.98903
A10: International | B10: ST250Q04JA | C10: Which of the following are in your <home>? Your own <cell phone> with Internet access (e.g. smartphone) | D10: 2 | E10: 0.83435 | F10: -4.3237
A11: International | B11: ST250Q05JA | C11: Which of the following are in your <home>? Internet access (e.g. Wi-fi) (excluding through smartphones) | D11: 2 | E11: 1.26 | F11: -4.49797
A12: International | B12: ST250Q08DA | C12: Which of the following are in your <home>? Electric lighting | D12: 2 | E12: 0.90124 | F12: -4.66661
A13: International | B13: ST250Q09DA | C13: Which of the following are in your <home>? < Plumbed water > for consumption | D13: 2 | E13: 0.95186 | F13: -4.07788
A14: International | B14: ST250Q10DA | C14: Which of the following are in your <home>? Off-street parking (e.g. garage, private parking spot) | D14: 2 | E14: 0.88109 | F14: -1.53295
A15: International | B15: ST250Q11DA | C15: Which of the following are in your <home>? A garbage-collection service | D15: 2 | E15: 0.63942 | F15: -2.16873
A16: International | B16: ST250Q12DA | C16: Which of the following are in your <home>? A stove or burner for cooking | D16: 2 | E16: 1.24013 | F16: -5.55603
A17: International | B17: ST250Q13DA | C17: Which of the following are in your <home>? A table to have meals | D17: 2 | E17: 0.80356 | F17: -3.9282
A18: International | B18: ST250Q14DA | C18: Which of the following are in your <home>? A vacuum cleaner | D18: 2 | E18: 0.86152 | F18: -3.98529
... A31: International | B31: ST250Q28DA | C31: Which of the following are in your <home>? A subscription to a newspaper | D31: 2 | E31: 0.84564 | F31: 0.86567
A32: International | B32: ST251Q01JA | C32: How many of these items are there at your <home>? Cars, vans, or trucks | D32: 4 | E32: 0.71526 | F32: -0.63216 | G32: -1.09878 | H32: 0.11112 | I32: 0.98766
A33: International | B33: ST251Q03JA | C33: How many of these items are there at your <home>? Rooms with a bath or shower | D33: 4 | E33: 0.83107 | F33: -0.9301 | G33: -2.32565 | H33: 0.62899 | I33: 1.69666
A34: International | B34: ST251Q04JA | C34: How many of these items are there at your <home>? Rooms with a <flush toilet> | D34: 4 | E34: 0.9029 | F34: -1.02441 | G34: -1.91242 | H34: 0.35634 | I34: 1.55608
A35: International | B35: ST251Q06JA | C35: How many of these items are there at your <home>? Musical instruments (e.g. guitar, piano, <country-specific example>) | D35: 4 | E35: 0.39101 | F35: 0.14969 | G35: 0.07922 | H35: 0.31663 | I35: -0.39585
A36: International | B36: ST251Q07JA | C36: How many of these items are there at your <home>? Works of art (e.g. paintings, sculptures, <country-specific example>) | D36: 2 | E36: 0.75217 | F36: -1.39969
A37: International | B37: ST254Q01JA | C37: How many of the following <digital devices> are in your <home>? Televisions | D37: 3 | E37: 0.86133 | F37: -2.12666 | G37: -2.10864 | H37: 2.10864
A38: International | B38: ST254Q02JA | C38: How many of the following <digital devices> are in your <home>? Desktop computers | D38: 4 | E38: 0.86985 | F38: 0.69505 | G38: -1.90503 | H38: 0.72772 | I38: 1.17731
A39: International | B39: ST254Q03JA | C39: How many of the following <digital devices> are in your <home>? Laptop computers or notebooks | D39: 4 | E39: 1.2382 | F39: -0.32453 | G39: -2.63813 | H39: 0.48166 | I39: 2.15647
A40: International | B40: ST254Q04JA | C40: How many of the following <digital devices> are in your <home>? Tablets (e.g. <iPad®>, <BlackBerry® PlayBook>) | D40: 3 | E40: 0.93861 | F40: -0.38601 | G40: -1.0389 | H40: 1.0389
A41: International | B41: ST254Q05JA | C41: How many of the following <digital devices> are in your <home>? E-book readers (e.g. <Kindle>, <Kobo>, <Bookeen>) | D41: 3 | E41: 0.47086 | F41: 1.12794 | G41: -0.23954 | H41: 0.23954
A42: International | B42: ST255Q01JA | C42: How many books are there in your <home>? | D42: 6 | E42: 0.32241 | F42: 0.1479 | G42: -0.2213 | H42: -0.71459 | I42: 0.39655 | J42: 0.15498 | K42: 0.38436
A43: Group | B43: Item | C43: Wording | D43: Response categories | E43: Alpha | F43: Beta | G43: Step_1 | H43: Step_2 | I43: Step_3 | J43: Step_4 | K43: Step_5
A44: Albania | B44: ST251Q08JA | C44: How many of these items are there at your <home>? <country-specific> | D44: 4 | E44: 2.12652 | F44: -1.68128 | G44: -2.77157 | H44: 0.58516 | I44: 2.18641 | P44: ALB | Q44: =VLOOKUP(P44,GroupLabels!$J:$K,2,FALSE) -> 0
A45: Albania | B45: ST251Q09JA | C45: How many of these items are there at your <home>? <country-specific> | D45: 4 | E45: 0.83421 | F45: -1.58823 | G45: -2.26303 | H45: 0.63911 | I45: 1.62392 | P45: ALB | Q45: =VLOOKUP(P45,GroupLabels!$J:$K,2,FALSE) -> 0
A46: Australia | B46: ST251Q08JA | C46: How many of these items are there at your <home>? <country-specific> | D46: 4 | E46: 0.60618 | F46: -0.59213 | G46: -1.12663 | H46: 0.95035 | I46: 0.17628 | P46: AUS | Q46: =VLOOKUP(P46,GroupLabels!$J:$K,2,FALSE) -> 1
A47: Australia | B47: ST251Q09JA | C47: How many of these items are there at your <home>? <country-specific> | D47: 4 | E47: 0.32689 | F47: 0.10886 | G47: 1.9467 | H47: -0.25178 | I47: -1.69492 | P47: AUS | Q47: =VLOOKUP(P47,GroupLabels!$J:$K,2,FALSE) -> 1
A48: Azerbaijan | B48: ST251Q08JA | C48: How many of these items are there at your <home>? <country-specific> | D48: 4 | E48: 0.439 | F48: -1.91918 | G48: -0.59581 | H48: 0.01752 | I48: 0.57829 | P48: AZE | Q48: =VLOOKUP(P48,GroupLabels!$J:$K,2,FALSE) -> 0
A49: B-S-J-Z (China)* | B49: ST251Q08JA | C49: How many of these items are there at your <home>? <country-specific> | D49: 4 | E49: 0.66264 | F49: -0.67275 | G49: -3.41048 | H49: 1.41353 | I49: 1.99695 | P49: QCI | Q49: =VLOOKUP(P49,GroupLabels!$J:$K,2,FALSE) -> 0
A50: B-S-J-Z (China)* | B50: ST251Q09JA | C50: How many of these items are there at your <home>? <country-specific> | D50: 4 | E50: 0.80846 | F50: -2.787 | G50: -0.85899 | H50: 0.16867 | I50: 0.69032 | P50: QCI | Q50: =VLOOKUP(P50,GroupLabels!$J:$K,2,FALSE) -> 0
A51: Belgium (Flemish Community) | B51: ST251Q08JA | C51: How many of these items are there at your <home>? <country-specific> | D51: 4 | E51: 0.4414 | F51: -0.00482 | G51: 0.75184 | H51: 0.20174 | I51: -0.95358 | P51: QBL | Q51: =VLOOKUP(P51,GroupLabels!$J:$K,2,FALSE) -> 1
A52: Belgium (French Community) | B52: ST251Q08JA | C52: How many of these items are there at your <home>? <country-specific> | D52: 4 | E52: 0.27269 | F52: -0.48059 | G52: 1.15958 | H52: 0.78049 | I52: -1.94007 | P52: QBR | Q52: =VLOOKUP(P52,GroupLabels!$J:$K,2,FALSE) -> 1
A53: Brunei Darussalam | B53: ST251Q08JA | C53: How many of these items are there at your <home>? <country-specific> | D53: 4 | E53: 0.2781 | F53: 0.37457 | G53: 1.07495 | H53: 0.15842 | I53: -1.23337 | P53: BRN | Q53: =VLOOKUP(P53,GroupLabels!$J:$K,2,FALSE) -> 0
A54: Brunei Darussalam | B54: ST251Q09JA | C54: How many of these items are there at your <home>? <country-specific> | D54: 4 | E54: 0.48745 | F54: 0.23153 | G54: 0.95784 | H54: 0.033 | I54: -0.99084 | P54: BRN | Q54: =VLOOKUP(P54,GroupLabels!$J:$K,2,FALSE) -> 0
A55: Cambodia | B55: ST251Q08JA | C55: How many of these items are there at your <home>? <country-specific> | D55: 4 | E55: 0.64105 | F55: -0.9249 | G55: -0.43888 | H55: 1.19472 | I55: -0.75584 | P55: KHM | Q55: =VLOOKUP(P55,GroupLabels!$J:$K,2,FALSE) -> 0
... A152: Zambia | B152: ST251Q09JA | C152: How many of these items are there at your <home>? <country-specific> | D152: 4 | E152: 1.14071 | F152: -1.89875 | G152: -0.81206 | H152: 0.24589 | I152: 0.56617 | P152: ZMB | Q152: =VLOOKUP(P152,GroupLabels!$J:$K,2,FALSE) -> 0
A153: Group (Language) | B153: Item | C153: Wording | D153: Response categories | E153: Alpha | F153: Beta | G153: Step_1 | H153: Step_2 | I153: Step_3 | J153: Step_4 | K153: Step_5
A154: Albania - Albanian | B154: ST251Q04JA | C154: How many of these items are there at your <home>? Rooms with a <flush toilet> | D154: 4 | E154: 0.60754 | F154: 0.33572 | G154: -0.33942 | H154: 0.16604 | I154: 0.17338 | P154: sq-AL | Q154: =VLOOKUP(P154,GroupLabels!$E:$K,7,FALSE) -> 0
A155: Argentina - Spanish | B155: ST250Q27DA | C155: Which of the following are in your <home>? Domestic workers (e.g. <maid, gardener, drivers, national examples>) | D155: 2 | E155: 0.49743 | F155: -0.67308 | P155: es-AR | Q155: =VLOOKUP(P155,GroupLabels!$E:$K,7,FALSE) -> 0
A156: Armenia - Armenian | B156: ST251Q07JA | C156: How many of these items are there at your <home>? Works of art (e.g. paintings, sculptures, <country-specific example>) | D156: 2 | E156: 0.87818 | F156: -2.76839 | P156: hy-AM | Q156: =VLOOKUP(P156,GroupLabels!$E:$K,7,FALSE) -> 0
A157: Austria - German | B157: ST250Q22DA | C157: Which of the following are in your <home>? A house security system (e.g. <alarm system, surveillance cameras>) | D157: 2 | E157: 0.80925 | F157: 0.61763 | P157: de-AT | Q157: =VLOOKUP(P157,GroupLabels!$E:$K,7,FALSE) -> 1
A158: Azerbaijan - Russian | B158: ST251Q07JA | C158: How many of these items are there at your <home>? Works of art (e.g. paintings, sculptures, <country-specific example>) | D158: 2 | E158: 0.87818 | F158: -2.76839 | P158: ru-QZ | Q158: =VLOOKUP(P158,GroupLabels!$E:$K,7,FALSE) -> 0
A159: B-S-J-G (China) - Chinese* | B159: ST250Q02JA | C159: Which of the following are in your <home>? A computer (laptop, desktop, or tablet) that you can use for school work | D159: 2 | E159: 1.81367 | F159: -2.56259 | P159: zh-CN | Q159: =VLOOKUP(P159,GroupLabels!$E:$K,7,FALSE) -> 0
A160: B-S-J-G (China) - Chinese* | B160: ST250Q19DA | C160: Which of the following are in your <home>? A guest room | D160: 2 | E160: 0.39561 | F160: -2.13376 | P160: zh-CN | Q160: =VLOOKUP(P160,GroupLabels!$E:$K,7,FALSE) -> 0
A161: Brazil - Portuguese | B161: ST250Q05JA | C161: Which of the following are in your <home>? Internet access (e.g. Wi-fi) (excluding through smartphones) | D161: 2 | E161: 0.9386 | F161: -5.14471 | P161: pt-BR | Q161: =VLOOKUP(P161,GroupLabels!$E:$K,7,FALSE) -> 0
A162: Brazil - Portuguese | B162: ST250Q14DA | C162: Which of the following are in your <home>? A vacuum cleaner | D162: 2 | E162: 1.1525 | F162: -1.74783 | P162: pt-BR | Q162: =VLOOKUP(P162,GroupLabels!$E:$K,7,FALSE) -> 0
A163: Brunei Darussalam - English | B163: ST250Q20DA | C163: Which of the following are in your <home>? A quiet place/room to study | D163: 2 | E163: 0.5783 | F163: -0.96693 | P163: en-BN | Q163: =VLOOKUP(P163,GroupLabels!$E:$K,7,FALSE) -> 0
A164: Brunei Darussalam - English | B164: ST250Q21DA | C164: Which of the following are in your <home>? A swimming pool or outdoor spa/bath/jacuzzi | D164: 2 | E164: 0.65061 | F164: 2.25895 | P164: en-BN | Q164: =VLOOKUP(P164,GroupLabels!$E:$K,7,FALSE) -> 0
A165: Brunei Darussalam - English | B165: ST251Q01JA | C165: How many of these items are there at your <home>? Cars, vans, or trucks | D165: 4 | E165: 0.58377 | F165: -1.74426 | G165: -0.85939 | H165: 0.49993 | I165: 0.35946 | P165: en-BN | Q165: =VLOOKUP(P165,GroupLabels!$E:$K,7,FALSE) -> 0
A166: Canada - French | B166: ST250Q21DA | C166: Which of the following are in your <home>? A swimming pool or outdoor spa/bath/jacuzzi | D166: 2 | E166: 0.76834 | F166: -0.23768 | P166: fr-CA | Q166: =VLOOKUP(P166,GroupLabels!$E:$K,7,FALSE) -> 1
A167: Chile - Spanish | B167: ST250Q18DA | C167: Which of the following are in your <home>? Air conditioner and/or heating devices | D167: 2 | E167: 1.03228 | F167: -1.82264 | P167: es-CL | Q167: =VLOOKUP(P167,GroupLabels!$E:$K,7,FALSE) -> 1
A168: Chile - Spanish | B168: ST250Q24DA | C168: Which of the following are in your <home>? A dishwasher | D168: 2 | E168: 0.65651 | F168: 0.52805 | P168: es-CL | Q168: =VLOOKUP(P168,GroupLabels!$E:$K,7,FALSE) -> 1
A169: Cyprus - English* | B169: ST250Q27DA | C169: Which of the following are in your <home>? Domestic workers (e.g. <maid, gardener, drivers, national examples>) | D169: 2 | E169: 0.59582 | F169: -0.27892 | P169: en-CY | Q169: =VLOOKUP(P169,GroupLabels!$E:$K,7,FALSE) -> 0
A170: Dominican Republic - Spanish | B170: ST251Q07JA | C170: How many of these items are there at your <home>? Works of art (e.g. paintings, sculptures, <country-specific example>) | D170: 2 | E170: 0.87818 | F170: -2.76839 | P170: es-DO | Q170: =VLOOKUP(P170,GroupLabels!$E:$K,7,FALSE) -> 0
A171: Dushanbe (Tajikistan) - Russian | B171: ST250Q18DA | C171: Which of the following are in your <home>? Air conditioner and/or heating devices | D171: 2 | E171: 2.00898 | F171: -8.05412 | P171: ru-TJ | Q171: =VLOOKUP(P171,GroupLabels!$E:$K,7,FALSE) -> 0
A172: Dushanbe (Tajikistan) - Tajik | B172: ST250Q04JA | C172: Which of the following are in your <home>? Your own <cell phone> with Internet access (e.g. smartphone) | D172: 2 | E172: 0.92191 | F172: -2.43916 | P172: tg-TJ | Q172: =VLOOKUP(P172,GroupLabels!$E:$K,7,FALSE) -> 0
A173: Dushanbe (Tajikistan) - Tajik | B173: ST250Q18DA | C173: Which of the following are in your <home>? Air conditioner and/or heating devices | D173: 2 | E173: 1.25672 | F173: -5.43129 | P173: tg-TJ | Q173: =VLOOKUP(P173,GroupLabels!$E:$K,7,FALSE) -> 0
A174: El Salvador - Spanish | B174: ST250Q02JA | C174: Which of the following are in your <home>? A computer (laptop, desktop, or tablet) that you can use for school work | D174: 2 | E174: 0.711 | F174: -3.6589 | P174: es-SV | Q174: =VLOOKUP(P174,GroupLabels!$E:$K,7,FALSE) -> 0
A175: El Salvador - Spanish | B175: ST250Q18DA | C175: Which of the following are in your <home>? Air conditioner and/or heating devices | D175: 2 | E175: 1.23049 | F175: -1.3965 | P175: es-SV | Q175: =VLOOKUP(P175,GroupLabels!$E:$K,7,FALSE) -> 0
A176: Hong Kong (China) - Chinese | B176: ST250Q14DA | C176: Which of the following are in your <home>? A vacuum cleaner | D176: 2 | E176: 1.25876 | F176: -2.08736 | P176: zh-HK | Q176: =VLOOKUP(P176,GroupLabels!$E:$K,7,FALSE) -> 0
A177: Hong Kong (China) - Chinese | B177: ST250Q25DA | C177: Which of the following are in your <home>? Your own tablet | D177: 2 | E177: 1.03514 | F177: -2.59305 | P177: zh-HK | Q177: =VLOOKUP(P177,GroupLabels!$E:$K,7,FALSE) -> 0
A178: Hong Kong (China) - Chinese | B178: ST251Q01JA | C178: How many of these items are there at your <home>? Cars, vans, or trucks | D178: 4 | E178: 0.85168 | F178: 0.82175 | G178: -1.09336 | H178: 0.61919 | I178: 0.47417 | P178: zh-HK | Q178: =VLOOKUP(P178,GroupLabels!$E:$K,7,FALSE) -> 0
A179: Hong Kong (China) - Chinese | B179: ST254Q04JA | C179: How many of the following <digital devices> are in your <home>? Tablets (e.g. <iPad®>, <BlackBerry® PlayBook>) | D179: 3 | E179: 0.70612 | F179: -1.56584 | G179: -1.09031 | H179: 1.09031 | P179: zh-HK | Q179: =VLOOKUP(P179,GroupLabels!$E:$K,7,FALSE) -> 0
A180: Hong Kong (China) - English | B180: ST250Q25DA | C180: Which of the following are in your <home>? Your own tablet | D180: 2 | E180: 1.03514 | F180: -2.59305 | P180: en-HK | Q180: =VLOOKUP(P180,GroupLabels!$E:$K,7,FALSE) -> 0
A181: Hong Kong (China) - English | B181: ST250Q27DA | C181: Which of the following are in your <home>? Domestic workers (e.g. <maid, gardener, drivers, national examples>) | D181: 2 | E181: 0.59582 | F181: -0.27892 | P181: en-HK | Q181: =VLOOKUP(P181,GroupLabels!$E:$K,7,FALSE) -> 0
A182: Hong Kong (China) - English | B182: ST251Q01JA | C182: How many of these items are there at your <home>? Cars, vans, or trucks | D182: 4 | E182: 0.85168 | F182: 0.82175 | G182: -1.09336 | H182: 0.61919 | I182: 0.47417 | P182: en-HK | Q182: =VLOOKUP(P182,GroupLabels!$E:$K,7,FALSE) -> 0
A183: Hong Kong (China) - English | B183: ST254Q04JA | C183: How many of the following <digital devices> are in your <home>? Tablets (e.g. <iPad®>, <BlackBerry® PlayBook>) | D183: 3 | E183: 0.70612 | F183: -1.56584 | G183: -1.09031 | H183: 1.09031 | P183: en-HK | Q183: =VLOOKUP(P183,GroupLabels!$E:$K,7,FALSE) -> 0
A184: Israel - Arabic* | B184: ST250Q26DA | C184: Which of the following are in your <home>? A subscription to TV or streaming services (e.g. <Cable TV, Satellite TV, Netflix, Disney+, national examples>) | D184: 2 | E184: 0.95464 | F184: -1.60713 | P184: ar-IL | Q184: =VLOOKUP(P184,GroupLabels!$E:$K,7,FALSE) -> 1
A185: Italy - Italian | B185: ST250Q01JA | C185: Which of the following are in your <home>? A room of your own | D185: 2 | E185: 0.53302 | F185: -0.87856 | P185: it-IT | Q185: =VLOOKUP(P185,GroupLabels!$E:$K,7,FALSE) -> 1
A186: Japan - Japanese | B186: ST251Q07JA | C186: How many of these items are there at your <home>? Works of art (e.g. paintings, sculptures, <country-specific example>) | D186: 2 | E186: 1.05755 | F186: -0.3951 | P186: ja-JP | Q186: =VLOOKUP(P186,GroupLabels!$E:$K,7,FALSE) -> 1
A187: Jordan - Arabic | B187: ST250Q19DA | C187: Which of the following are in your <home>? A guest room | D187: 2 | E187: 0.39561 | F187: -2.13376 | P187: ar-JO | Q187: =VLOOKUP(P187,GroupLabels!$E:$K,7,FALSE) -> 0
A188: Kazakhstan - Kazakh | B188: ST250Q19DA | C188: Which of the following are in your <home>? A guest room | D188: 2 | E188: 0.39561 | F188: -2.13376 | P188: kk-KZ | Q188: =VLOOKUP(P188,GroupLabels!$E:$K,7,FALSE) -> 0
A189: Kazakhstan - Russian | B189: ST250Q19DA | C189: Which of the following are in your <home>? A guest room | D189: 2 | E189: 0.39561 | F189: -2.13376 | P189: ru-KZ | Q189: =VLOOKUP(P189,GroupLabels!$E:$K,7,FALSE) -> 0
A190: Kenya - English | B190: ST250Q04JA | C190: Which of the following are in your <home>? Your own <cell phone> with Internet access (e.g. smartphone) | D190: 2 | E190: 0.92191 | F190: -2.43916 | P190: en-KE | Q190: =VLOOKUP(P190,GroupLabels!$E:$K,7,FALSE) -> 0
A191: Kenya - English | B191: ST250Q05JA | C191: Which of the following are in your <home>? Internet access (e.g. Wi-fi) (excluding through smartphones) | D191: 2 | E191: 0.95966 | F191: -2.19905 | P191: en-KE | Q191: =VLOOKUP(P191,GroupLabels!$E:$K,7,FALSE) -> 0
A192: Kenya - English | B192: ST250Q09DA | C192: Which of the following are in your <home>? < Plumbed water > for consumption | D192: 2 | E192: 0.45983 | F192: -1.27627 | P192: en-KE | Q192: =VLOOKUP(P192,GroupLabels!$E:$K,7,FALSE) -> 0
A193: Kenya - English | B193: ST250Q27DA | C193: Which of the following are in your <home>? Domestic workers (e.g. <maid, gardener, drivers, national examples>) | D193: 2 | E193: 0.59582 | F193: -0.27892 | P193: en-KE | Q193: =VLOOKUP(P193,GroupLabels!$E:$K,7,FALSE) -> 0
A194: Korea - Korean | B194: ST250Q19DA | C194: Which of the following are in your <home>? A guest room | D194: 2 | E194: 0.92325 | F194: 1.12082 | P194: ko-KR | Q194: =VLOOKUP(P194,GroupLabels!$E:$K,7,FALSE) -> 1
A195: Korea - Korean | B195: ST251Q06JA | C195: How many of these items are there at your <home>? Musical instruments (e.g. guitar, piano, <country-specific example>) | D195: 4 | E195: 0.68948 | F195: -0.59125 | G195: -0.27106 | H195: 0.47644 | I195: -0.20538 | P195: ko-KR | Q195: =VLOOKUP(P195,GroupLabels!$E:$K,7,FALSE) -> 1
A196: Kosovo - Albanian* | B196: ST250Q22DA | C196: Which of the following are in your <home>? A house security system (e.g. <alarm system, surveillance cameras>) | D196: 2 | E196: 0.81923 | F196: -1.64569 | P196: sq-XK | Q196: =VLOOKUP(P196,GroupLabels!$E:$K,7,FALSE) -> 0
A197: Kurdistan Region (Iraq) - Bahdini* | B197: ST250Q13DA | C197: Which of the following are in your <home>? A table to have meals | D197: 2 | E197: 1.02503 | F197: -2.3639 | P197: kmr-Arab-IQ | Q197: =VLOOKUP(P197,GroupLabels!$E:$K,7,FALSE) -> 0
A198: Kurdistan Region (Iraq) - Sorani* | B198: ST250Q13DA | C198: Which of the following are in your <home>? A table to have meals | D198: 2 | E198: 1.02503 | F198: -2.3639 | P198: ckb-Arab-IQ | Q198: =VLOOKUP(P198,GroupLabels!$E:$K,7,FALSE) -> 0
A199: Kurdistan Region (Iraq) - Sorani* | B199: ST250Q21DA | C199: Which of the following are in your <home>? A swimming pool or outdoor spa/bath/jacuzzi | D199: 2 | E199: 0.66704 | F199: -1.5109 | P199: ckb-Arab-IQ | Q199: =VLOOKUP(P199,GroupLabels!$E:$K,7,FALSE) -> 0
A200: Kurdistan Region (Iraq) - Sorani* | B200: ST250Q22DA | C200: Which of the following are in your <home>? A house security system (e.g. <alarm system, surveillance cameras>) | D200: 2 | E200: 0.81923 | F200: -1.64569 | P200: ckb-Arab-IQ | Q200: =VLOOKUP(P200,GroupLabels!$E:$K,7,FALSE) -> 0
A201: Kurdistan Region (Iraq) - Sorani* | B201: ST254Q04JA | C201: How many of the following <digital devices> are in your <home>? Tablets (e.g. <iPad®>, <BlackBerry® PlayBook>) | D201: 3 | E201: 0.70612 | F201: -1.56584 | G201: -1.09031 | H201: 1.09031 | P201: ckb-Arab-IQ | Q201: =VLOOKUP(P201,GroupLabels!$E:$K,7,FALSE) -> 0
A202: Kyrgyzstan - Kyrgyz / Kirghiz | B202: ST250Q16DA | C202: Which of the following are in your <home>? A sewer connection | D202: 2 | E202: 0.79997 | F202: -1.53246 | P202: ky-KG | Q202: =VLOOKUP(P202,GroupLabels!$E:$K,7,FALSE) -> 0
A203: Kyrgyzstan - Kyrgyz / Kirghiz | B203: ST250Q21DA | C203: Which of the following are in your <home>? A swimming pool or outdoor spa/bath/jacuzzi | D203: 2 | E203: 0.66704 | F203: -1.5109 | P203: ky-KG | Q203: =VLOOKUP(P203,GroupLabels!$E:$K,7,FALSE) -> 0
A204: Lebanon - English* | B204: ST250Q01JA | C204: Which of the following are in your <home>? A room of your own | D204: 2 | E204: 0.53302 | F204: -0.87856 | P204: en-LB | Q204: =VLOOKUP(P204,GroupLabels!$E:$K,7,FALSE) -> 0
A205: Lebanon - English* | B205: ST250Q19DA | C205: Which of the following are in your <home>? A guest room | D205: 2 | E205: 0.35098 | F205: -1.01212 | P205: en-LB | Q205: =VLOOKUP(P205,GroupLabels!$E:$K,7,FALSE) -> 0
A206: Lebanon - English* | B206: ST250Q19DA | C206: Which of the following are in your <home>? A guest room | D206: 2 | E206: 0.35098 | F206: -1.01212 | P206: en-LB | Q206: =VLOOKUP(P206,GroupLabels!$E:$K,7,FALSE) -> 0
A207: Lebanon - French* | B207: ST250Q01JA | C207: Which of the following are in your <home>? A room of your own | D207: 2 | E207: 0.33531 | F207: -0.53451 | P207: fr-LB | Q207: =VLOOKUP(P207,GroupLabels!$E:$K,7,FALSE) -> 0
A208: Lebanon - French* | B208: ST250Q16DA | C208: Which of the following are in your <home>? A sewer connection | D208: 2 | E208: 0.39646 | F208: -0.98637 | P208: fr-LB | Q208: =VLOOKUP(P208,GroupLabels!$E:$K,7,FALSE) -> 0
A209: Lebanon - French* | B209: ST250Q19DA | C209: Which of the following are in your <home>? A guest room | D209: 2 | E209: 0.39561 | F209: -2.13376 | P209: fr-LB | Q209: =VLOOKUP(P209,GroupLabels!$E:$K,7,FALSE) -> 0
A210: Lithuania - Polish | B210: ST250Q22DA | C210: Which of the following are in your <home>? A house security system (e.g. <alarm system, surveillance cameras>) | D210: 2 | E210: 0.81923 | F210: -1.64569 | P210: pl-LT | Q210: =VLOOKUP(P210,GroupLabels!$E:$K,7,FALSE) -> 1
...

Sheet T22.A.17
A1: Table of Contents
A3: Table 22.A.17
A4: Recoding of items in the HOMEPOS scale
A6: Item | B6: Wording | C6: Recoded
A7: ST250Q01JA | B7: Which of the following are in your <home>? A room of your own | C7: 1 (Yes) recoded as 1
C8: 2 (No) recoded as 0
A9: ST250Q02JA | B9: Which of the following are in your <home>? A computer (laptop, desktop, or tablet) that you can use for school work | C9: 1 (Yes) recoded as 1
C10: 2 (No) recoded as 0
A11: ST250Q03JA | B11: Which of the following are in your <home>? Educational Software or Apps | C11: 1 (Yes) recoded as 1
C12: 2 (No) recoded as 0
A13: ST250Q04JA | B13: Which of the following are in your <home>? Your own <cell phone> with Internet access (e.g. smartphone) | C13: 1 (Yes) recoded as 1
C14: 2 (No) recoded as 0
A15: ST250Q05JA | B15: Which of the following are in your <home>? Internet access (e.g. Wi-fi) (excluding through smartphones) | C15: 1 (Yes) recoded as 1
C16: 2 (No) recoded as 0
A17: ST250Q08DA | B17: Which of the following are in your <home>? Electric lighting | C17: 1 (Yes) recoded as 1
C18: 2 (No) recoded as 0
A19: ST250Q09DA | B19: Which of the following are in your <home>? < Plumbed water > for consumption | C19: 1 (Yes) recoded as 1
C20: 2 (No) recoded as 0
A21: ST250Q10DA | B21: Which of the following are in your <home>? Off-street parking (e.g. garage, private parking spot) | C21: 1 (Yes) recoded as 1
C22: 2 (No) recoded as 0
A23: ST250Q11DA | B23: Which of the following are in your <home>? A garbage-collection service | C23: 1 (Yes) recoded as 1
C24: 2 (No) recoded as 0
A25: ST250Q12DA | B25: Which of the following are in your <home>? A stove or burner for cooking | C25: 1 (Yes) recoded as 1
C26: 2 (No) recoded as 0
A27: ST250Q13DA | B27: Which of the following are in your <home>? A table to have meals | C27: 1 (Yes) recoded as 1
C28: 2 (No) recoded as 0
A29: ST250Q14DA | B29: Which of the following are in your <home>? A vacuum cleaner | C29: 1 (Yes) recoded as 1
C30: 2 (No) recoded as 0
A31: ST250Q15DA | B31: Which of the following are in your <home>? A refrigerator or freezer | C31: 1 (Yes) recoded as 1
C32: 2 (No) recoded as 0
A33: ST250Q16DA | B33: Which of the following are in your <home>? A sewer connection | C33: 1 (Yes) recoded as 1
C34: 2 (No) recoded as 0
A35: ST250Q18DA | B35: Which of the following are in your <home>? Air conditioner and/or heating devices | C35: 1 (Yes) recoded as 1
C36: 2 (No) recoded as 0
A37: ST250Q19DA | B37: Which of the following are in your <home>? A guest room | C37: 1 (Yes) recoded as 1
C38: 2 (No) recoded as 0
A39: ST250Q20DA | B39: Which of the following are in your <home>? A quiet place/room to study | C39: 1 (Yes) recoded as 1
C40: 2 (No) recoded as 0
A41: ST250Q21DA | B41: Which of the following are in your <home>? A swimming pool or outdoor spa/bath/jacuzzi | C41: 1 (Yes) recoded as 1
C42: 2 (No) recoded as 0
A43: ST250Q22DA | B43: Which of the following are in your <home>? A house security system (e.g. <alarm system, surveillance cameras>) | C43: 1 (Yes) recoded as 1
C44: 2 (No) recoded as 0
A45: ST250Q23DA | B45: Which of the following are in your <home>? A smart TV | C45: 1 (Yes) recoded as 1
C46: 2 (No) recoded as 0
A47: ST250Q24DA | B47: Which of the following are in your <home>? A dishwasher | C47: 1 (Yes) recoded as 1
C48: 2 (No) recoded as 0
A49: ST250Q25DA | B49: Which of the following are in your <home>? Your own tablet | C49: 1 (Yes) recoded as 1
C50: 2 (No) recoded as 0
A51: ST250Q26DA | B51: Which of the following are in your <home>? A subscription to TV or streaming services (e.g. <Cable TV, Satellite TV, Netflix, Disney+, national examples>) | C51: 1 (Yes) recoded as 1
C52: 2 (No) recoded as 0
A53: ST250Q27DA | B53: Which of the following are in your <home>? Domestic workers (e.g. <maid, gardener, drivers, national examples>) | C53: 1 (Yes) recoded as 1
C54: 2 (No) recoded as 0
A55: ST250Q28DA | B55: Which of the following are in your <home>? A subscription to a newspaper | C55: 1 (Yes) recoded as 1
C56: 2 (No) recoded as 0
A57: ST251Q01JA | B57: How many of these items are there at your <home>? Cars, vans, or trucks | C57: 1 (None) recoded as 0
C58: 2 (One) recoded as 1
C59: 3 (Two) recoded as 2
C60: 4 (Three or more) recoded as 3
A61: ST251Q03JA | B61: How many of these items are there at your <home>? Rooms with a bath or shower | C61: 1 (None) recoded as 0
C62: 2 (One) recoded as 1
C63: 3 (Two) recoded as 2
C64: 4 (Three or more) recoded as 3
A65: ST251Q04JA | B65: How many of these items are there at your <home>? Rooms with a <flush toilet> | C65: 1 (None) recoded as 0
C66: 2 (One) recoded as 1
C67: 3 (Two) recoded as 2
C68: 4 (Three or more) recoded as 3
A69: ST251Q06JA | B69: How many of these items are there at your <home>? Musical instruments (e.g. guitar, piano, <country-specific example>) | C69: 1 (None) recoded as 0
C70: 2 (One) recoded as 1
C71: 3 (Two) recoded as 2
C72: 4 (Three or more) recoded as 3
A73: ST251Q07JA | B73: How many of these items are there at your <home>? Works of art (e.g. paintings, sculptures, <country-specific example>) | C73: 1 (None) recoded as 0
C74: 2 (One) recoded as 1
C75: 3 (Two) recoded as 1
C76: 4 (Three or more) recoded as 1
A77: ST251Q08JA | B77: How many of these items are there at your <home>? <country-specific> | C77: 1 (None) recoded as 0
C78: 2 (One) recoded as 1
C79: 3 (Two) recoded as 2
C80: 4 (Three or more) recoded as 3
A81: ST251Q09JA | B81: How many of these items are there at your <home>? <country-specific> | C81: 1 (None) recoded as 0
C82: 2 (One) recoded as 1
C83: 3 (Two) recoded as 2
C84: 4 (Three or more) recoded as 3
A85: ST254Q01JA | B85: How many of the following <digital devices> are in your <home>? Televisions | C85: 1 (None) recoded as 0
C86: 2 (One or two) recoded as 1
C87: 3 (Three to five) recoded as 2
C88: 4 (More than five) recoded as 2
C89: 5 (I don’t know) recoded as missing
A90: ST254Q02JA | B90: How many of the following <digital devices> are in your <home>? Desktop computers | C90: 1 (None) recoded as 0
C91: 2 (One or two) recoded as 1
C92: 3 (Three to five) recoded as 2
C93: 4 (More than five) recoded as 3
C94: 5 (I don’t know) recoded as missing
A95: ST254Q03JA | B95: How many of the following <digital devices> are in your <home>? Laptop computers or notebooks | C95: 1 (None) recoded as 0
C96: 2 (One or two) recoded as 1
C97: 3 (Three to five) recoded as 2
C98: 4 (More than five) recoded as 3
C99: 5 (I don’t know) recoded as missing
A100: ST254Q04JA | B100: How many of the following <digital devices> are in your <home>? Tablets (e.g. <iPad®>, <BlackBerry® PlayBook™> | C100: 1 (None) recoded as 0
C101: 2 (One or two) recoded as 1
C102: 3 (Three to five) recoded as 2
...

Sheet T22.A.18
A1: Table of Contents | B1: ICTRES
A3: Table 22.A.17
A4: Items in the ICTRES scale
A6: Group (International) | B6: Item | C6: Wording | D6: Trend | E6: Reversed | F6: Recoded | G6: Alpha | H6: Beta | I6: Step_1 | J6: Step_2 | K6: Step_3 | L6: Step_4 | M6: Step_5 | N6: Step_6 | O6: Step_7
A7: International | B7: ST250Q02JA | C7: Which of the following are in your [home]: A computer (laptop, desktop, or tablet) that you can use for school work | D7: T | E7: R | G7: =IFERROR(VLOOKUP(_xlfn.CONCAT($B$1,$B7),STQ!$A$2:$I$125,4,0),"") -> 2.84967 | H7: =IFERROR(VLOOKUP(_xlfn.CONCAT($B$1,$B7),STQ!$A$2:$I$125,5,0),"") -> -2.30026
A8: International | B8: ST250Q03JA | C8: Which of the following are in your [home]: Educational Software or Apps | D8: T | E8: R | G8: =IFERROR(VLOOKUP(_xlfn.CONCAT($B$1,$B8),STQ!$A$2:$I$125,4,0),"") -> 1.26941 | H8: =IFERROR(VLOOKUP(_xlfn.CONCAT($B$1,$B8),STQ!$A$2:$I$125,5,0),"") -> -1.0203
A9: International | B9: ST250Q04JA | C9: Which of the following are in your [home]: Your own [cell phone] with Internet access (e.g. smartphone) | D9: T | E9: R | G9: =IFERROR(VLOOKUP(_xlfn.CONCAT($B$1,$B9),STQ!$A$2:$I$125,4,0),"") -> 1.80563 | H9: =IFERROR(VLOOKUP(_xlfn.CONCAT($B$1,$B9),STQ!$A$2:$I$125,5,0),"") -> -3.64551
A10: International | B10: ST250Q05JA | C10: Which of the following are in your [home]: Internet access (e.g. Wi-fi) (excluding through smartphones) | D10: T | E10: R | G10: =IFERROR(VLOOKUP(_xlfn.CONCAT($B$1,$B10),STQ!$A$2:$I$125,4,0),"") -> 2.51545 | H10: =IFERROR(VLOOKUP(_xlfn.CONCAT($B$1,$B10),STQ!$A$2:$I$125,5,0),"") -> -3.27502
A11: International | B11: ST250Q25DA | C11: Which of the following are in your [home]: Your own tablet | E11: R | G11: =IFERROR(VLOOKUP(_xlfn.CONCAT($B$1,$B11),STQ!$A$2:$I$125,4,0),"") -> 1.3282 | H11: =IFERROR(VLOOKUP(_xlfn.CONCAT($B$1,$B11),STQ!$A$2:$I$125,5,0),"") -> 0.30409
A12: International | B12: ST254Q01JA | C12: How many of the following [digital devices] are in your [home]: Televisions | D12: T | F12: 5 (I don't know) recoded as missing | G12: =IFERROR(VLOOKUP(_xlfn.CONCAT($B$1,$B12),STQ!$A$2:$I$125,4,0),"") -> 1.40888 | H12: =IFERROR(VLOOKUP(_xlfn.CONCAT($B$1,$B12),STQ!$A$2:$I$125,5,0),"") -> 0.03472 | I12: =IFERROR(VLOOKUP(_xlfn.CONCAT($B$1,$B12),STQ!$A$2:$I$125,6,0),"") -> -3.78278 | J12: =IFERROR(VLOOKUP(_xlfn.CONCAT($B$1,$B12),STQ!$A$2:$I$125,7,0),"") -> 1.01452 | K12: =IFERROR(VLOOKUP(_xlfn.CONCAT($B$1,$B12),STQ!$A$2:$I$125,8,0),"") -> 2.76826
A13: International | B13: ST254Q02JA | C13: How many of the following [digital devices] are in your [home]: Desktop computers | D13: T | F13: 5 (I don't know) recoded as missing | G13: =IFERROR(VLOOKUP(_xlfn.CONCAT($B$1,$B13),STQ!$A$2:$I$125,4,0),"") -> 1.359 | H13: =IFERROR(VLOOKUP(_xlfn.CONCAT($B$1,$B13),STQ!$A$2:$I$125,5,0),"") -> 1.75727 | I13: =IFERROR(VLOOKUP(_xlfn.CONCAT($B$1,$B13),STQ!$A$2:$I$125,6,0),"") -> -1.91183 | J13: =IFERROR(VLOOKUP(_xlfn.CONCAT($B$1,$B13),STQ!$A$2:$I$125,7,0),"") -> 0.767 | K13: =IFERROR(VLOOKUP(_xlfn.CONCAT($B$1,$B13),STQ!$A$2:$I$125,8,0),"") -> 1.14483
A14: International | B14: ST254Q03JA | C14: How many of the following [digital devices] are in your [home]: Laptop computers or notebooks | D14: T | F14: 5 (I don't know) recoded as missing | G14: =IFERROR(VLOOKUP(_xlfn.CONCAT($B$1,$B14),STQ!$A$2:$I$125,4,0),"") -> 2.62405 | H14: =IFERROR(VLOOKUP(_xlfn.CONCAT($B$1,$B14),STQ!$A$2:$I$125,5,0),"") -> 1.41948 | I14: =IFERROR(VLOOKUP(_xlfn.CONCAT($B$1,$B14),STQ!$A$2:$I$125,6,0),"") -> -3.16386 | J14: =IFERROR(VLOOKUP(_xlfn.CONCAT($B$1,$B14),STQ!$A$2:$I$125,7,0),"") -> 0.41268 | K14: =IFERROR(VLOOKUP(_xlfn.CONCAT($B$1,$B14),STQ!$A$2:$I$125,8,0),"") -> 2.75118
A15: International | B15: ST254Q04JA | C15: How many of the following [digital devices] are in your [home]: Tablets (e.g. [iPad®], [BlackBerry® Playbook™]) | D15: T | F15: 5 (I don't know) recoded as missing | G15: =IFERROR(VLOOKUP(_xlfn.CONCAT($B$1,$B15),STQ!$A$2:$I$125,4,0),"") -> 1.63706 | H15: =IFERROR(VLOOKUP(_xlfn.CONCAT($B$1,$B15),STQ!$A$2:$I$125,5,0),"") -> 1.57446 | I15: =IFERROR(VLOOKUP(_xlfn.CONCAT($B$1,$B15),STQ!$A$2:$I$125,6,0),"") -> -1.88405 | J15: =IFERROR(VLOOKUP(_xlfn.CONCAT($B$1,$B15),STQ!$A$2:$I$125,7,0),"") -> 0.59076 | K15: =IFERROR(VLOOKUP(_xlfn.CONCAT($B$1,$B15),STQ!$A$2:$I$125,8,0),"") -> 1.29329
A16: International | B16: ST254Q05JA | C16: How many of the following [digital devices] are in your [home]: E-book readers (e.g. [Kindle™], [Kobo], [Bookeen]) | D16: T | F16: 5 (I don't know) recoded as missing | G16: =IFERROR(VLOOKUP(_xlfn.CONCAT($B$1,$B16),STQ!$A$2:$I$125,4,0),"") -> 0.70158 | H16: =IFERROR(VLOOKUP(_xlfn.CONCAT($B$1,$B16),STQ!$A$2:$I$125,5,0),"") -> 1.77896 | I16: =IFERROR(VLOOKUP(_xlfn.CONCAT($B$1,$B16),STQ!$A$2:$I$125,6,0),"") -> -0.07779 | J16: =IFERROR(VLOOKUP(_xlfn.CONCAT($B$1,$B16),STQ!$A$2:$I$125,7,0),"") -> 0.57331 | K16: =IFERROR(VLOOKUP(_xlfn.CONCAT($B$1,$B16),STQ!$A$2:$I$125,8,0),"") -> -0.49552
A17: Group (Partner) | B17: Item | C17: Wording | D17: Reversed | E17: =IFERROR(VLOOKUP(_xlfn.CONCAT($A$1,$B17),STQ!$A$2:$I$125,4,0),"") | F17: =IFERROR(VLOOKUP(_xlfn.CONCAT($A$1,$B17),STQ!$A$2:$I$125,5,0),"") | G17: =IFERROR(VLOOKUP(_xlfn.CONCAT($B$1,$B17),STQ!$A$2:$I$125,6,0),"") | H17: =IFERROR(VLOOKUP(_xlfn.CONCAT($B$1,$B17),STQ!$A$2:$I$125,7,0),"") | I17: =IFERROR(VLOOKUP(_xlfn.CONCAT($B$1,$B17),STQ!$A$2:$I$125,8,0),"") | J17: =IFERROR(VLOOKUP(_xlfn.CONCAT($B$1,$B17),STQ!$A$2:$I$125,8,0),"") | K17: Step_3 | L17: Step_4 | M17: Step_5 | N17: Step_6 | O17: Step_7
A18: Hong Kong (China) - Chinese* | B18: ST250Q25DA | C18: Which of the following are in your [home]: Your own tablet | E18: R | G18: =IFERROR(VLOOKUP(_xlfn.CONCAT($B$1,$B18),STQ!$A$2:$I$125,4,0),"") -> 1.3282 | H18: =IFERROR(VLOOKUP(_xlfn.CONCAT($B$1,$B18),STQ!$A$2:$I$125,5,0),"") -> 0.30409
A19: Kenya - English | B19: ST250Q04JA | C19: Which of the following are in your [home]: Your own [cell phone] with Internet access (e.g. smartphone) | D19: T | E19: R | G19: =IFERROR(VLOOKUP(_xlfn.CONCAT($B$1,$B19),STQ!$A$2:$I$125,4,0),"") -> 1.80563 | H19: =IFERROR(VLOOKUP(_xlfn.CONCAT($B$1,$B19),STQ!$A$2:$I$125,5,0),"") -> -3.64551
A20: Zambia - English | B20: ST250Q04JA | C20: Which of the following are in your [home]: Your own [cell phone] with Internet access (e.g. smartphone) | D20: T | E20: R | G20: =IFERROR(VLOOKUP(_xlfn.CONCAT($B$1,$B20),STQ!$A$2:$I$125,4,0),"") -> 1.80563 | H20: =IFERROR(VLOOKUP(_xlfn.CONCAT($B$1,$B20),STQ!$A$2:$I$125,5,0),"") -> -3.64551

Sheet T22.A.19
A1: Table of Contents | B1: BULLIED
A3: Table 22.A.19
A4: Items in the BULLIED scale
A6: Group (International) | B6: Item | C6: Wording | D6: Trend | E6: Alpha | F6: Beta | G6: Step_1 | H6: Step_2 | I6: Step_3
A7: International | B7: ST038Q04NA | C7: In past 12 months, how often: Other students made fun of me. | D7: T | E7: 1.86973 | F7: -0.56916 | G7: -1.43229 | H7: 0.27522 | I7: 1.15707
A8: International | B8: ST038Q05NA | C8: In past 12 months, how often: I was threatened by other students. | D8: T | E8: 1.71728 | F8: 0.48736 | G8: -0.6661 | H8: -0.33814 | I8: 1.00424
A9: International | B9: ST038Q07NA | C9: In past 12 months, how often: I got hit or pushed around by other students. | D9: T | E9: 1.68071 | F9: 0.34358 | G9: -0.2015 | H9: 0.15871 | I9: 0.04279
A10: International | B10: ST038Q08NA | C10: In past 12 months, how often: Other students spread nasty rumours about me. | D10: T | E10: 1.22328 | F10: -0.01017 | G10: -0.39015 | H10: 0.27973 | I10: 0.11042
A11: International | B11: ST038Q12DA | C11: In past 12 months, how often: Information about me that was upsetting was published online without my consent. | D11: T | E11: 1.41821 | F11: 0.59339 | G11: 0.19645 | H11: 0.09531 | I11: -0.29176
D12: =IFERROR(VLOOKUP(_xlfn.CONCAT($B$1,$B12),STQ!$A$2:$I$125,4,0),"") | E12: =IFERROR(VLOOKUP(_xlfn.CONCAT($B$1,$B12),STQ!$A$2:$I$125,4,0),"") | F12: =IFERROR(VLOOKUP(_xlfn.CONCAT($B$1,$B12),STQ!$A$2:$I$125,5,0),"") | G12: =IFERROR(VLOOKUP(_xlfn.CONCAT($B$1,$B12),STQ!$A$2:$I$125,6,0),"") | H12: =IFERROR(VLOOKUP(_xlfn.CONCAT($B$1,$B12),STQ!$A$2:$I$125,7,0),"") | I12: =IFERROR(VLOOKUP(_xlfn.CONCAT($B$1,$B12),STQ!$A$2:$I$125,8,0),"")
A13: a "N/A" indicates that a group did not administer an item, the item parameters for the group could not be estimated with a generalized partial credit model, or the responses for the item were suppressed for the group. | D13: =IFERROR(VLOOKUP(_xlfn.CONCAT($B$1,$B13),STQ!$A$2:$I$125,4,0),"") | E13: =IFERROR(VLOOKUP(_xlfn.CONCAT($B$1,$B13),STQ!$A$2:$I$125,5,0),"") | F13: =IFERROR(VLOOKUP(_xlfn.CONCAT($B$1,$B13),STQ!$A$2:$I$125,6,0),"") | G13: =IFERROR(VLOOKUP(_xlfn.CONCAT($B$1,$B13),STQ!$A$2:$I$125,7,0),"") | H13: =IFERROR(VLOOKUP(_xlfn.CONCAT($B$1,$B13),STQ!$A$2:$I$125,8,0),"") | I13: =IFERROR(VLOOKUP(_xlfn.CONCAT($B$1,$B13),STQ!$A$2:$I$125,8,0),"")
D14: =IFERROR(VLOOKUP(_xlfn.CONCAT($B$1,$B14),STQ!$A$2:$I$125,4,0),"") | E14: =IFERROR(VLOOKUP(_xlfn.CONCAT($B$1,$B14),STQ!$A$2:$I$125,5,0),"") | F14: =IFERROR(VLOOKUP(_xlfn.CONCAT($B$1,$B14),STQ!$A$2:$I$125,6,0),"") | G14: =IFERROR(VLOOKUP(_xlfn.CONCAT($B$1,$B14),STQ!$A$2:$I$125,7,0),"") | H14: =IFERROR(VLOOKUP(_xlfn.CONCAT($B$1,$B14),STQ!$A$2:$I$125,8,0),"") | I14: =IFERROR(VLOOKUP(_xlfn.CONCAT($B$1,$B14),STQ!$A$2:$I$125,8,0),"")
D15: =IFERROR(VLOOKUP(_xlfn.CONCAT($B$1,$B15),STQ!$A$2:$I$125,4,0),"") | E15: =IFERROR(VLOOKUP(_xlfn.CONCAT($B$1,$B15),STQ!$A$2:$I$125,5,0),"") | F15: =IFERROR(VLOOKUP(_xlfn.CONCAT($B$1,$B15),STQ!$A$2:$I$125,6,0),"") | G15: =IFERROR(VLOOKUP(_xlfn.CONCAT($B$1,$B15),STQ!$A$2:$I$125,7,0),"") | H15: =IFERROR(VLOOKUP(_xlfn.CONCAT($B$1,$B15),STQ!$A$2:$I$125,8,0),"") | I15: =IFERROR(VLOOKUP(_xlfn.CONCAT($B$1,$B15),STQ!$A$2:$I$125,8,0),"")
E17: =IFERROR(VLOOKUP(_xlfn.CONCAT($B$1,$B17),STQ!$A$2:$I$125,4,0),"") | F17: =IFERROR(VLOOKUP(_xlfn.CONCAT($B$1,$B17),STQ!$A$2:$I$125,5,0),"") | G17: =IFERROR(VLOOKUP(_xlfn.CONCAT($B$1,$B17),STQ!$A$2:$I$125,6,0),"") | H17: =IFERROR(VLOOKUP(_xlfn.CONCAT($B$1,$B17),STQ!$A$2:$I$125,7,0),"") | I17: =IFERROR(VLOOKUP(_xlfn.CONCAT($B$1,$B17),STQ!$A$2:$I$125,8,0),"")

Sheet T22.A.20
A1: Table of Contents | B1: FEELSAFE
A3: Table 22.A.20
A4: Items in the FEELSAFE scale
A6: Group (International) | B6: Item | C6: Wording | D6: Reversed | E6: Trend | F6: Alpha | G6: Beta | H6: Step_1 | I6: Step_2 | J6: Step_3
A7: International | B7: ST265Q01JA | C7: Disagree/agree: I feel safe on my way to school. | D7: R | E7: T | F7: 2.39556 | G7: 0.17045 | H7: -3.60215 | I7: -1.46337 | J7: 5.06552
A8: International | B8: ST265Q02JA | C8: Disagree/agree: I feel safe on my way home from school. | D8: R | E8: T | F8: 2.04363 | G8: 0.03338 | H8: -3.16882 | I8: -1.28236 | J8: 4.45118
A9: International | B9: ST265Q03JA | C9: Disagree/agree: I feel safe in my classrooms at school. | D9: R | E9: T | F9: 1.30894 | G9: -0.27124 | H9: -1.81073 | I9: -1.47631 | J9: 3.28704
A10: International | B10: ST265Q04JA | C10: Disagree/agree: I feel safe at other places at school (e.g. hallway, cafeteria, restroom). | D10: R | E10: T | F10: 1.05187 | G10: 0.06741 | H10: -1.62792 | I10: -1.08709 | J10: 2.71501

Sheet T22.A.21
A1: Table of Contents | B1: BELONG
A3: Table 22.A.21
A4: Items in the BELONG scale
A6: Group (International) | B6: Item | C6: Wording | D6: Reversed | E6: Trend | F6: Alpha | G6: Beta | H6: Step_1 | I6: Step_2 | J6: Step_3
A7: International | B7: ST034Q01TA | C7: Agree/disagree: I feel like an outsider (or left out of things) at school. | E7: T | F7: 2.25086 | G7: 0.05597 | H7: -1.52727 | I7: -0.68891 | J7: 2.21618
A8: International | B8: ST034Q02TA | C8: Agree/disagree: I make friends easily at school. | D8: R | E8: T | F8: 1.05141 | G8: -0.02958 | H8: -1.25785 | I8: -0.63302 | J8: 1.89087
A9: International | B9: ST034Q03TA | C9: Agree/disagree: I feel like I belong at school. | D9: R | E9: T | F9: 0.97517 | G9: 0.12148 | H9: -1.20047 | I9: -0.62579 | J9: 1.82626
A10: International | B10: ST034Q04TA | C10: Agree/disagree: I feel awkward and out of place in my school. | E10: T | F10: 2.09092 | G10: 0.02054 | H10: -1.66995 | I10: -0.61617 | J10: 2.28612
A11: International | B11: ST034Q05TA | C11: Agree/disagree: Other students seem to like me. | D11: R | E11: T | F11: 1.00315 | G11: 0.05597 | H11: -1.29644 | I11: -0.91556 | J11: 2.212
A12: International | B12: ST034Q06TA | C12: Agree/disagree: I feel lonely at school. | E12: T | F12: 2.82849 | G12: -0.22438 | H12: -1.73798 | I12: -0.70552 | J12: 2.4435

Sheet T22.A.22
A1: Table of Contents | B1: COLLENEFF
A3: Table 22.A.22
A4: Items in the COLLENEFF scale
A6: Group (International) | B6: Item | C6: Wording | D6: Alpha | E6: Beta | F6: Step_1 | G6: Step_2 | H6: Step_3
A7: International | B7: ST499Q02DA | C7: Disagree/agree: I believe that my school and local community can contribute to positively impacting global environmental issues (e.g. climate change, habitat restoration). | D7: 2.12074 | E7: -1.26715 | F7: -1.88119 | G7: -1.26803 | H7: 3.14922
A8: International | B8: ST499Q04DA | C8: Disagree/agree: I believe that by working with my local community we can play an important role in positively impacting the environment. | D8: 3.07816 | E8: -2.28305 | F8: -3.2233 | G8: -1.26039 | H8: 4.48369
A9: International | B9: ST499Q05DA | C9: Disagree/agree: I believe that by working with my local community we can reduce the use of fossil fuels. | D9: 2.27368 | E9: -1.27365 | F9: -2.65347 | G9: -0.83613 | H9: 3.4896
A10: International | B10: ST499Q06DA | C10: Disagree/agree: I believe that by working with my school we can reduce their energy consumption. | D10: 1.89443 | E10: -1.23692 | F10: -2.00013 | G10: -0.93885 | H10: 2.93898

Sheet T22.A.23
A1: Table of Contents | B1: JOYSCIE
A3: Table 22.A.23
A4: Items in the JOYSCIE scale
A6: Group (International) | B6: Item | C6: Wording | D6: Trend | E6: Alpha | F6: Beta | G6: Step_1 | H6: Step_2 | I6: Step_3
A7: International | B7: ST094Q01NA | C7: Disagree/agree: I generally have fun when I am learning <broad science> topics. | D7: T | E7: 1.51834 | F7: -0.05668 | G7: -3.02725 | H7: -0.67718 | I7: 3.70443
A8: International | B8: ST094Q03NA | C8: Disagree/agree: I am happy working on <broad science> topics. | D8: T | E8: 1.41896 | F8: 0.56771 | G8: -3.30086 | H8: -0.20146 | I8: 3.50232
A9: International | B9: ST094Q04NA | C9: Disagree/agree: I enjoy acquiring new knowledge in <broad science>. | D9: T | E9: 1.94886 | F9: -0.56724 | G9: -3.69705 | H9: -0.7584 | I9: 4.45545
A10: International | B10: ST094Q05NA | C10: Disagree/agree: I am interested in learning about <broad science>. | D10: T | E10: 1.96687 | F10: -0.3398 | G10: -3.73931 | H10: -0.57696 | I10: 4.31627

Sheet T22.A.24
A1: Table of Contents | B1: OPENVLRN
A3: Table 22.A.24
A4: Items in the OPENVLRN scale
A6: Group (International) | B6: Item | C6: Wording | D6: Alpha | E6: Beta | F6: Step_1 | G6: Step_2 | H6: Step_3
A7: International | B7: ST501Q03DA | C7: Disagree/agree: My teacher takes us on field trips to investigate environmental issues. | D7: 1.2291 | E7: 0.49759 | F7: -1.20267 | G7: -0.51084 | H7: 1.71351
A8: International | B8: ST501Q05DA | C8: Disagree/agree: My class discusses solutions to environmental issues. | D8: 2.59981 | E8: 0.04035 | F8: -2.91424 | G8: -0.84935 | H8: 3.76358
A9: International | B9: ST501Q06DA | C9: Disagree/agree: My teacher provides opportunities to research environmental issues. | D9: 2.79474 | E9: -0.27952 | F9: -2.96771 | G9: -1.00042 | H9: 3.96813
A10: International | B10: ST501Q07DA | C10: Disagree/agree: I am assessed on my environmental knowledge | D10: 1.43193 | E10: -0.05292 | F10: -1.59812 | G10: -0.67888 | H10: 2.277

Sheet T22.A.25
A1: Table of Contents | B1: EFFSCIE
A3: Table 22.A.25
A4: Items in the EFFSCIE scale
A6: Group (International) | B6: Item | C6: Description | D6: Reversed | E6: Alpha | F6: Beta | G6: Step_1 | H6: Step_2 | I6: Step_3
A7: International | B7: ST129Q03TA | C7: How confident in science task: Describe the role of antibiotics in the treatment of disease. | D7: R | E7: 1.07411 | F7: -0.96893 | G7: -1.0787 | H7: -0.36022 | I7: 1.43891
A8: International | B8: ST129Q05TA | C8: How confident in science task: Predict how changes to an environment will affect the survival of certain species. | D8: R | E8: 1.75973 | F8: -1.89271 | G8: -1.82605 | H8: -0.39119 | I8: 2.21724
A9: International | B9: ST129Q08DA | C9: How confident in science task: Identify the better of two explanations for the causes of climate change | D9: R | E9: 2.00303 | F9: -2.25271 | G9: -2.05964 | H9: -0.28155 | I9: 2.34119
A10: International | B10: ST129Q11DA | C10: How confident in science task: Identify the reliability of scientific information. | D10: R | E10: 1.70564 | F10: -1.53197 | G10: -1.94394 | H10: -0.20014 | I10: 2.14409
A11: International | B11: ST129Q12DA | C11: How confident in science task: Investigate the sustainability of a practice or product. | D11: R | E11: 1.69064 | F11: -1.52398 | G11: -1.95788 | H11: -0.22534 | I11: 2.18322
A12: International | B12: ST129Q14DA | C12: How confident in science task: Explain how carbon-dioxide emissions affect global climate change. | D12: R | E12: 1.50265 | F12: -1.42645 | G12: -1.36414 | H12: -0.2151 | I12: 1.57924

Sheet T22.A.26
A1: Table of Contents | B1: STBELSCIE
A3: Table 22.A.26
A4: Items in the STBELSCIE scale
A6: Group (International) | B6: Item | C6: Wording | D6: Alpha | E6: Beta | F6: Step_1 | G6: Step_2 | H6: Step_3
A7: International | B7: ST131Q04NA | C7: Disagree/agree: Good answers are based on evidence from many different experiments. | D7: 2.17255 | E7: -1.47435 | F7: -1.4664 | G7: -1.5544 | H7: 3.02079
A8: International | B8: ST131Q10DA | C8: Disagree/agree: One important part of <broad science> is doing experiments to come up with ideas about how things work. | D8: 2.48996 | E8: -1.99919 | F8: -2.33744 | G8: -1.19385 | H8: 3.53129
A9: International | B9: ST131Q12DA | C9: Disagree/agree: Information from one source should be checked from a range of other reliable sources before it is accepted. | D9: 2.49582 | E9: -2.08099 | F9: -2.18216 | G9: -1.08564 | H9: 3.2678
A10: International | B10: ST131Q05DA | C10: Disagree/agree: There are some questions that scientists cannot answer. | D10: 1.15705 | E10: -0.984 | F10: -1.07576 | G10: -0.76602 | H10: 1.84177
A11: International | B11: ST131Q13DA | C11: Disagree/agree: New discoveries can change what scientists think is true. | D11: 1.95445 | E11: -1.62238 | F11: -1.72527 | G11: -1.03092 | H11: 2.7562

Sheet T22.A.27
A1: Table of Contents | B1: ENVCAPCH
A3: Table 22.A.27
A4: Items in the ENVCAPCH scale
A6: Group (International) | B6: Item | C6: Wording | D6: Alpha | E6: Beta | F6: Step_1 | G6: Step_2 | H6: Step_3
A7: International | B7: ST500Q03DA | C7: Disagree/agree: I know how to work with others to positively impact the environment. | D7: 1.68466 | E7: -0.95982 | F7: -1.87734 | G7: -1.12586 | H7: 3.0032
A8: International | B8: ST500Q05DA | C8: Disagree/agree: I know that there are things that I can do to positively impact the environment. | D8: 2.52863 | E8: -2.21525 | F8: -2.67021 | G8: -1.34182 | H8: 4.01203
A9: International | B9: ST500Q06DA | C9: Disagree/agree: If people work together, we can resolve environmental issues. | D9: 2.09095 | E9: -2.19207 | F9: -1.74763 | G9: -1.24112 | H9: 2.98875
A10: International | B10: ST500Q09DA | C10: Disagree/agree: Looking after the global environment is important to me. | D10: 1.60652 | E10: -1.5096 | F10: -1.46712 | G10: -0.9876 | H10: 2.45472

Sheet T22.A.28
A1: Table of Contents | B1: ENVAWARE
A3: Table 22.A.29
A4: Items in the ENVAWARE scale
A6: Group (International) | B6: Item | C6: Description | D6: Trend | E6: Alpha | F6: Beta | G6: Step_1 | H6: Step_2 | I6: Step_3
A7: International | B7: ST092Q01TA | C7: Awareness of: The increase of greenhouse gases in the atmosphere | D7: T | E7: 1.28358 | F7: 0.36261 | G7: -1.56278 | H7: -0.04214 | I7: 1.60492
A8: International | B8: ST092Q04TA | C8: Awareness of: Nuclear waste | D8: T | E8: 1.26939 | F8: 0.52051 | G8: -1.98619 | H8: 0.10497 | I8: 1.88122
A9: International | B9: ST092Q05TA | C9: Awareness of: The consequences of clearing forests for other land use | D9: T | E9: 1.60103 | F9: -0.24789 | G9: -1.54204 | H9: -0.15711 | I9: 1.69915
A10: International | B10: ST092Q08NA | C10: Awareness of: Extinction of plants and animals | D10: T | E10: 2.50517 | F10: -0.64162 | G10: -2.64388 | H10: -0.20117 | I10: 2.84505
A11: International | B11: ST092Q09NA | C11: Awareness of: Water shortages | D11: T | E11: 1.58222 | F11: -0.22229 | G11: -1.66853 | H11: -0.17376 | I11: 1.84229
A12: International | B12: ST092Q14DA | C12: Awareness of: Effects of plastic pollution | E12: 2.06422 | F12: -0.72711 | G12: -2.15484 | H12: -0.20608 | I12: 2.36093

Sheet T22.A.29
A1: Table of Contents | B1: ENVAPART
A3: Table 22.A.28
A4: Items in the ENVAPART scale
A6: Group (International) | B6: Item | C6: Wording | D6: Alpha | E6: Beta | F6: Step_1 | G6: Step_2 | H6: Step_3
A7: International | B7: ST495Q03DA | C7: How often: Joining a peaceful march or rally related to an environmental issue | D7: 1.0922 | E7: 1.6039 | F7: -0.26517 | G7: -0.4765 | H7: 0.74167
A8: International | B8: ST495Q05DA | C8: How often: Posting concerns about an environmental issue on social media | D8: 1.36815 | E8: 1.8154 | F8: -0.50489 | G8: -0.6505 | H8: 1.15539
A9: International | B9: ST495Q09DA | C9: How often: Making purchases based on how sustainable the products are | D9: 1.05581 | E9: 0.70104 | F9: -0.38408 | G9: -0.71769 | H9: 1.10177
A10: International | B10: ST495Q13DA | C10: How often: Stopping eating certain foods to minimize some impacts on the environment | D10: 1.41172 | E10: 1.13435 | F10: -0.49757 | G10: -0.66555 | H10: 1.16312
A11: International | B11: ST495Q15DA | C11: How often: Discussing with friends and family how to have a positive impact on the environment | D11: 1.10055 | E11: 0.522 | F11: -0.49338 | G11: -0.51439 | H11: 1.00777
D12: =IFERROR(VLOOKUP(_xlfn.CONCAT($B$1,$B12),STQ!$A$2:$I$125,4,0),"") | E12: =IFERROR(VLOOKUP(_xlfn.CONCAT($B$1,$B12),STQ!$A$2:$I$125,5,0),"") | F12: =IFERROR(VLOOKUP(_xlfn.CONCAT($B$1,$B12),STQ!$A$2:$I$125,6,0),"") | G12: =IFERROR(VLOOKUP(_xlfn.CONCAT($B$1,$B12),STQ!$A$2:$I$125,7,0),"") | H12: =IFERROR(VLOOKUP(_xlfn.CONCAT($B$1,$B12),STQ!$A$2:$I$125,8,0),"")

Sheet T22.A.30
A1: Table of Contents | B1: CURIO
A3: Table 22.A.30
A4: Items in the CURIO scale
A6: Group (International) | B6: Item | C6: Description | D6: Trend | E6: Alpha | F6: Beta | G6: Step_1 | H6: Step_2 | I6: Step_3 | J6: Step_4
A7: International | B7: ST301Q01JA | C7: Disagree/agree: I am curious about many different things. | D7: T | E7: 2.43452 | F7: -2.11347 | G7: -1.77382 | H7: -1.39266 | I7: -0.3146 | J7: 3.48108
A8: International | B8: ST301Q04JA | C8: Disagree/agree: I like to know how things work. | D8: T | E8: 3.28827 | F8: -3.21988 | G8: -3.37302 | H8: -1.63852 | I8: 0.07521 | J8: 4.93633
A9: International | B9: ST301Q06JA | C9: Disagree/agree: I am more curious than most people I know. | D9: T | E9: 1.5161 | F9: -1.18244 | G9: -1.8718 | H9: -1.13806 | I9: 0.47568 | J9: 2.53418
A10: International | B10: ST301Q10JA | C10: Disagree/agree: I like learning new things. | D10: T | E10: 1.3347 | F10: -1.4288 | G10: -0.91662 | H10: -1.3279 | I10: -0.07772 | J10: 2.32224

Sheet T22.A.31
A1: Table of Contents | B1: PERSEV
A3: Table 22.A.31
A4: Items in the PERSEV scale
A6: Group (International) | B6: Item | C6: Description | D6: Trend | E6: Alpha | F6: Beta | G6: Step_1 | H6: Step_2 | I6: Step_3 | J6: Step_4
A7: International | B7: ST307Q01JA | C7: Disagree/agree: I keep working on a task until it is finished. | D7: T | E7: 2.23451 | F7: -1.67575 | G7: -2.12841 | H7: -1.46064 | I7: 0.02161 | J7: 3.56744
A8: International | B8: ST307Q02JA | C8: Disagree/agree: I apply additional effort when work becomes challenging. | D8: T | E8: 2.06177 | F8: -1.73838 | G8: -2.54946 | H8: -1.09126 | I8: 0.12212 | J8: 3.5186
A9: International | B9: ST307Q03JA | C9: Disagree/agree: I finish tasks that I started even when they become boring. | D9: T | E9: 1.703 | F9: -1.14627 | G9: -2.2758 | H9: -1.02466 | I9: 0.23624 | J9: 3.06422
A10: International | B10: ST307Q09JA | C10: Disagree/agree: I finish what I start. | D10: T | E10: 1.31942 | F10: -1.21008 | G10: -1.38576 | H10: -1.00089 | I10: 0.02604 | J10: 2.36061

Sheet T22.A.32
A1: Table of Contents | B1: ENGSCIPR
A3: Table 22.A.32
A4: Items in the ENGSCIPR scale
A6: Group (International) | B6: Item | C6: Description | D6: Alpha | E6: Beta | F6: Step_1 | G6: Step_2 | H6: Step_3
A7: International | B7: ST515Q02DA | C7: How often: develop models or simulations to help explain natural phenomena e.g. earthquakes. | D7: 1.41822 | E7: 0.17715 | F7: -1.02616 | G7: 0.38247 | H7: 0.64369
A8: International | B8: ST515Q04DA | C8: How often: carry out an experiment to investigate a scientific question. | D8: 2.02755 | E8: -0.03668 | F8: -2.5472 | G8: 0.24915 | H8: 2.29805
A9: International | B9: ST515Q05DA | C9: How often: analyse and interpret data. | D9: 2.0982 | E9: -0.60155 | F9: -2.58853 | G9: 0.16017 | H9: 2.42836
A10: International | B10: ST515Q08DA | C10: How often: develop explanations of phenomena (e.g. climate change) based on scientific evidence or models. | D10: 2.57162 | E10: -0.24056 | F10: -2.68126 | G10: 0.14421 | H10: 2.53705
A11: International | B11: ST515Q09DA | C11: How often: develop scientific arguments using evidence to support a claim. | D11: 2.75711 | E11: -0.33957 | F11: -2.85082 | G11: 0.15854 | H11: 2.69228
A12: International | B12: ST515Q11DA | C12: How often: critically evaluate the credibility and trustworthiness of online information. | D12: 1.99828 | E12: -0.00613 | F12: -2.07344 | G12: 0.1656 | H12: 1.90784

Sheet T22.A.33
A1: Table of Contents | B1: COGACSC
A3: Table 22.A.33
A4: Items in the COGACSC scale
A6: Group (International) | B6: Item | C6: Wording | D6: Alpha | E6: Beta | F6: Step_1 | G6: Step_2 | H6: Step_3 | I6: Step_4
A7: International | B7: ST469Q06DA | C7: How often: The teacher asked us to think about how new and old scientific topics were related. | D7: 0.98139 | E7: 0.01174 | F7: -0.90476 | G7: -0.4036 | H7: 0.52909 | I7: 0.77926
A8: International | B8: ST469Q08DA | C8: How often: The teacher told us to keep trying even when we face difficulties with a science task. | D8: 1.11159 | E8: -0.61779 | F8: -1.03693 | G8: -0.35771 | H8: 0.38936 | I8: 1.00529
A9: International | B9: ST469Q09DA | C9: How often: The teacher taught us to memorize scientific facts. | D9: 1.3585 | E9: -0.66281 | F9: -1.24407 | G9: -0.51485 | H9: 0.50108 | I9: 1.25784
A10: International | B10: ST469Q10DA | C10: How often: The teacher asked us to explain a scientific principle. | D10: 1.52296 | E10: -0.55461 | F10: -1.52509 | G10: -0.56387 | H10: 0.51234 | I10: 1.57663
A11: International | B11: ST469Q11DA | C11: How often: The teacher asked us to explain how we would design an experiment to address a scientific problem. | D11: 1.34335 | E11: -0.29138 | F11: -1.21166 | G11: -0.47848 | H11: 0.47539 | I11: 1.21475
D12: =IFERROR(VLOOKUP(_xlfn.CONCAT($B$1,$B12),STQ!$A$2:$I$125,4,0),"") | E12: =IFERROR(VLOOKUP(_xlfn.CONCAT($B$1,$B12),STQ!$A$2:$I$125,5,0),"") | F12: =IFERROR(VLOOKUP(_xlfn.CONCAT($B$1,$B12),STQ!$A$2:$I$125,6,0),"") | G12: =IFERROR(VLOOKUP(_xlfn.CONCAT($B$1,$B12),STQ!$A$2:$I$125,7,0),"") | H12: =IFERROR(VLOOKUP(_xlfn.CONCAT($B$1,$B12),STQ!$A$2:$I$125,8,0),"")

Sheet T22.A.34
A1: Table of Contents | B1: SCIECOLLR
A3: Table 22.A.34
A4: Items in the SCIECOLLR scale
A6: Group (International) | B6: Item | C6: Wording | D6: Alpha | E6: Beta | F6: Step_1 | G6: Step_2 | H6: Step_3 | I6: Step_4
A7: International | B7: ST468Q08DA | C7: How often: The teacher asked us to debate scientific topics with other members of the class. | D7: 1.65035 | E7: -0.31833 | F7: -1.59212 | G7: -0.5473 | H7: 0.6127 | I7: 1.52672
A8: International | B8: ST468Q09DA | C8: How often: The teacher asked us to discuss with each other what we learned. | D8: 1.27041 | E8: 0.09788 | F8: -1.11733 | G8: -0.46146 | H8: 0.52385 | I8: 1.05494
A9: International | B9: ST468Q10DA | C9: How often: The teacher asked us to explain a scientific principle to the class. | D9: 1.21622 | E9: -0.11471 | F9: -1.25849 | G9: -0.47185 | H9: 0.56101 | I9: 1.16933
A10: International | B10: ST468Q11DA | C10: How often: The teacher asked us to work on a class project in small groups. | D10: 1.00175 | E10: -0.34247 | F10: -1.20296 | G10: -0.35382 | H10: 0.42121 | I10: 1.13556
D11: =IFERROR(VLOOKUP(_xlfn.CONCAT($B$1,$B11),STQ!$A$2:$I$125,4,0),"") | E11: =IFERROR(VLOOKUP(_xlfn.CONCAT($B$1,$B11),STQ!$A$2:$I$125,5,0),"") | F11: =IFERROR(VLOOKUP(_xlfn.CONCAT($B$1,$B11),STQ!$A$2:$I$125,6,0),"") | G11: =IFERROR(VLOOKUP(_xlfn.CONCAT($B$1,$B11),STQ!$A$2:$I$125,7,0),"") | H11: =IFERROR(VLOOKUP(_xlfn.CONCAT($B$1,$B11),STQ!$A$2:$I$125,8,0),"")

Sheet T22.A.35
A1: Table of Contents | B1: DISCLISCI
A3: Table 22.A.35
A4: Items in the DISCLISCI scale
A6: Group (International) | B6: Item | C6: Wording | D6: Trend | E6: Alpha | F6: Beta | G6: Step_1 | H6: Step_2 | I6: Step_3
A7: International | B7: ST097Q01TA | C7: How often: Students do not listen to what the teacher said. | D7: T | E7: 1.61165 | F7: 0.30668 | G7: -2.01954 | H7: -0.83382 | I7: 2.85336
A8: International | B8: ST097Q02TA | C8: How often: There is noise and disorder. | D8: T | E8: 2.20534 | F8: 0.42799 | G8: -2.70551 | H8: -0.77156 | I8: 3.47707
A9: International | B9: ST097Q03TA | C9: How often: The teacher has to wait a long time for students to quiet down. | D9: T | E9: 1.95175 | F9: -0.01733 | G9: -2.09019 | H9: -0.61796 | I9: 2.70815
A10: International | B10: ST097Q04TA | C10: How often: Students cannot work well. | D10: T | E10: 1.3523 | F10: -0.45721 | G10: -1.46326 | H10: -0.65573 | I10: 2.11899
A11: International | B11: ST097Q05TA | C11: How often: Students do not start working for a long time after the lesson begins. | D11: T | E11: 1.37894 | F11: -0.26015 | G11: -1.37324 | H11: -0.52234 | I11: 1.89558
A12: International | B12: ST097Q06DA | C12: How often: Students get distracted by using <digital resources> (e.g. smartphones, websites, apps). | E12: 0.63808 | F12: -0.18771 | G12: -0.3114 | H12: -0.26355 | I12: 0.57495

Sheet T22.A.36
A1: Table of Contents | B1: TEACHSUP
A3: Table 22.A.36
A4: Items in the TEACHSUP scale
A6: Group (International) | B6: Item | C6: Wording | D6: Reversed | E6: Trend | F6: Alpha | G6: Beta | H6: Step_1 | I6: Step_2 | J6: Step_3
A7: International | B7: ST100Q01TA | C7: How often: The teacher shows an interest in every student's learning. | D7: R | E7: T | F7: 1.31461 | G7: -0.00986 | H7: -1.65845 | I7: 0.11204 | J7: 1.54641
A8: International | B8: ST100Q02TA | C8: How often: The teacher gives extra help when students need it. | D8: R | E8: T | F8: 1.86966 | G8: -0.06604 | H8: -2.34001 | I8: 0.09047 | J8: 2.24954
A9: International | B9: ST100Q03TA | C9: How often: The teacher helps students with their learning. | D9: R | E9: T | F9: 2.24648 | G9: -0.02334 | H9: -2.47306 | I9: 0.04747 | J9: 2.42559
A10: International | B10: ST100Q04TA | C10: How often: The teacher continues teaching until the students understand. | D10: R | E10: T | F10: 1.7256 | G10: 0.07656 | H10: -1.95095 | I10: 0.13487 | J10: 1.81608
A11: International | B11: ST100Q05TA | C11: How often: The teacher gives students an opportunity to express opinions. | D11: R | E11: T | F11: 1.34365 | G11: 0.02267 | H11: -1.65258 | I11: 0.14005 | J11: 1.51253

Sheet T22.A.37
A1: Table of Contents | B1: FAMSUP
A3: Table 22.A.37
A4: Items in the FAMSUP scale
A6: Group (International) | B6: Item | C6: Wording | D6: Trend | E6: Alpha | F6: Beta | G6: Step_1 | H6: Step_2 | I6: Step_3
A7: International | B7: ST300Q01JA | C7: How often: Discuss how well you are doing at school. | D7: T | E7: 1.24184 | F7: 0.00915 | G7: -0.551 | H7: -0.73696 | I7: 0.13309
A8: International | B8: ST300Q05JA | C8: How often: Talk to you about any problems you might have at school. | D8: T | E8: 1.92258 | F8: 0.28877 | G8: -0.99323 | H8: -0.93772 | I8: 0.28544
A9: International | B9: ST300Q08JA | C9: How often: Take an interest in what you are learning at school. | D9: T | E9: 2.11007 | F9: -0.07926 | G9: -1.09225 | H9: -0.93158 | I9: 0.29353
A10: International | B10: ST300Q09JA | C10: How often: Talk to you about your future education. | D10: T | E10: 1.57986 | F10: -0.14206 | G10: -1.17707 | H10: -0.86311 | I10: 0.54693
A11: International | B11: ST300Q10JA | C11: How often: Ask you what you did in school that day. | D11: T | E11: 1.55657 | F11: -0.3109 | G11: -0.18263 | H11: -0.63506 | I11: 0.09045

Sheet T22.A.38
A1: Table of Contents | B1: AIUSESCH
A3: Table 22.A.38
A4: Items in the AIUSESCH scale
A6: Group (International) | B6: Item | C6: Wording | D6: Alpha | E6: Beta | F6: Step_1 | G6: Step_2 | H6: Step_3
A7: International | B7: ST438Q01DA | C7: How often: Level of priority: To summarize a text I had to read | D7: 1.93008 | E7: -0.44262 | F7: -1.27938 | G7: -0.87157 | H7: 0.20265
A8: International | B8: ST438Q02DA | C8: How often: Level of priority: To conduct preliminary research on a new topic | D8: 2.19204 | E8: -0.66999 | F8: -1.73328 | G8: -1.00503 | H8: 0.38273
A9: International | B9: ST438Q03DA | C9: How often: Level of priority: To draft texts for writing assignments | D9: 1.98779 | E9: -0.47194 | F9: -1.36259 | G9: -0.96126 | H9: 0.32463
A10: International | B10: ST438Q04DA | C10: How often: Level of priority: To help me learn | D10: 1.41159 | E10: -0.92458 | F10: -0.8259 | G10: -0.60202 | H10: 0.08217

Sheet T22.A.39
A1: Table of Contents | B1: COGABIL
A3: Table 22.A.39
A4: Items in the COGABIL scale
A6: Group (International) | B6: Item | C6: Wording | D6: Alpha | E6: Beta | F6: Step_1 | G6: Step_2 | H6: Step_3
A7: International | B7: ST216Q01HA | C7: How much like: I can handle unusual situations. | D7: 1.63359 | E7: -1.16945 | F7: -2.17386 | G7: -1.28652 | H7: 0.98618
A8: International | B8: ST216Q03HA | C8: How much like: I can adapt to different situations even when under stress or pressure. | D8: 2.31198 | E8: -1.52411 | F8: -2.91748 | G8: -1.2509 | H8: 0.84489
A9: International | B9: ST216Q04HA | C9: How much like: I can adapt easily to a new culture. | D9: 1.30072 | E9: -0.87973 | F9: -1.91644 | G9: -0.84757 | H9: 0.75122
A10: International | B10: ST216Q05HA | C10: How much like: When encountering difficult situations with other people, I can find a way to resolve the situation. | D10: 1.5626 | E10: -1.18042 | F10: -1.99363 | G10: -1.04795 | H10: 0.71352

Sheet T22.A.40
A1: Table of Contents | B1: ENPROBS
A3: Table 22.A.40
A4: Items in the ENPROBS scale
A6: Group (International) | B6: Item | C6: Wording | D6: Alpha | E6: Beta | F6: Step_1 | G6: Step_2 | H6: Step_3
A7: International | B7: ST435Q01DA | C7: Disagree/agree: I enjoy finding solutions to problems. | D7: 1.34902 | E7: -1.27655 | F7: -1.29471 | G7: -1.15609 | H7: 2.4508
A8: International | B8: ST435Q03DA | C8: Disagree/agree: I like situations where I have to think hard about something. | D8: 2.87345 | E8: -1.52434 | F8: -3.81278 | G8: -0.31772 | H8: 4.1305
A9: International | B9: ST435Q04DA | C9: Disagree/agree: I like complicated problems more than simple problems. | D9: 1.96063 | E9: -0.54172 | F9: -2.75047 | G9: -0.04231 | H9: 2.79278
A10: International | B10: ST435Q05DA | C10: Disagree/agree: I keep working on a problem even if I might not be able to solve it. | D10: 1.45502 | E10: -0.98016 | F10: -1.95448 | G10: -0.59471 | H10: 2.5492

Sheet T22.A.41
A1: Table of Contents | B1: GOALSET
A3: Table 22.A.41
A4: Items in the GOALSET scale
A6: Group (International) | B6: Item | C6: Wording | D6: Alpha | E6: Beta | F6: Step_1 | G6: Step_2 | H6: Step_3
A7: International | B7: ST432Q02DA | C7: How often: I plan my approach to studying. | D7: 1.63566 | E7: -0.63487 | F7: -2.22989 | G7: 0.29396 | H7: 1.93593
A8: International | B8: ST432Q03DA | C8: How often: In order to identify gaps in my knowledge, I make a summary of the most important points without using my documents. | D8: 1.89777 | E8: -0.46148 | F8: -2.56109 | G8: 0.1858 | H8: 2.37529
A9: International | B9: ST432Q04DA | C9: How often: I ask myself questions about the material to check if I have understood everything. | D9: 1.99428 | E9: -1.14893 | F9: -2.62954 | G9: 0.13555 | H9: 2.49399
A10: International | B10: ST432Q06DA | C10: How often: If I notice that my approach to studying is not successful, I change it. | D10: 1.49302 | E10: -0.81982 | F10: -2.18435 | G10: 0.24001 | H10: 1.94434

Sheet T22.A.42
A1: Table of Contents | B1: SELFREG
A3: Table 22.A.42
A4: Items in the SELFREG scale
A6: Group (International) | B6: Item | C6: Wording | D6: Reversed | E6: Alpha | F6: Beta | G6: Step_1 | H6: Step_2 | I6: Step_3
A7: International | B7: ST433Q01DA | C7: Agree/disagree: When I do not fully understand something, I ask my classmates. | D7: R | E7: 1.23798 | F7: -1.29185 | G7: -1.04007 | H7: -1.19532 | I7: 2.23539
A8: International | B8: ST433Q02DA | C8: Agree/disagree: I ask my teachers for help when I need it. | D8: R | E8: 2.48005 | F8: -2.2073 | G8: -2.78611 | H8: -0.96068 | I8: 3.74679
A9: International | B9: ST433Q04DA | C9: Agree/disagree: When I have trouble learning, I ask for help. | D9: R | E9: 3.12343 | F9: -2.75567 | G9: -3.50335 | H9: -1.0174 | I9: 4.52075
A10: International | B10: ST433Q06DA | C10: Agree/disagree: I only ask for help after trying hard to find the solution on my own. | D10: R | E10: 0.89755 | F10: -1.02689 | G10: -1.04115 | H10: -0.76936 | I10: 1.81051

Sheet T22.A.43
A1: Table of Contents
A3: Table 22.A.43
A4: OECD mean and standard deviation of each component of ESCS and the preliminary ESCS scores for PISA 2025
B6: Mean | C6: SD
A7: HISEI | B7: 54.869385 | C7: 22.125822
A8: PAREDINT | B8: 13.874697 | C8: 2.5616865
A9: HOMEPOS | B9: 7.4854e-05 | C9: 0.99996532
A10: Preliminary ESCS score | B10: 0.004167858 | C10: 0.77916571
A12: Note. The imputed values for HISEI, PAREDINT, HOMEPOS were included in the calculation of the means and standard deviations.

Sheet T22.A.44
A1: Table of Contents
A3: Table 22.A.44
A4: Variables derived from the ICT Familiarity Questionnaire
A6: DV name | B6: DV label
A7: Simple DVs
A8: ICTAVSCH | B8: Availability and usage of ICT at school
A9: ICTAVHOM | B9: Availability and usage of ICT outside of school
A10: ICTDISTR | B10: Distress from online content and cyberbullying
A11: IRT scales
A12: ICTSCH | B12: ICT availability at school
A13: ICTHOME | B13: ICT availability outside school
A14: ICTQUAL | B14: Quality of access to ICT
A15: ICTFEED | B15: Support or feedback via ICT
A16: ICTOUT | B16: Use of ICT for school activities outside of the classroom
A17: ICTWKDY | B17: Frequency of ICT activity – Weekday
A18: ICTWKEND | B18: Frequency of ICT activity – Weekend
A19: ICTREG | B19: Views of regulated ICT use in school
A20: ICTINFO | B20: Students’ practices regarding online information
A21: DIGINTLRN | B21: Interest in learing about digital resources
A22: INTICT | B22: Interest in ICT
A23: SOIAICT | B23: ICT as a topic in social interaction

Sheet T22.A.45
A1: Table of Contents
A3: Table 22.A.45
A4: Cronbach's alpha for the IRT scales in the ICT Familiarity Questionnaire
A6: Country/economy (language group) | B6: DIGINTLRN | C6: ICTFEED | D6: ICTHOME | E6: ICTINFO | F6: ICTOUT | G6: ICTQUAL | H6: ICTREG | I6: ICTSCH | J6: ICTWKDY | K6: ICTWKEND | L6: INTICT | M6: SOIAICT
A7: Argentina - Spanish | B7: 0.88 | C7: 0.82 | D7: 0.86 | E7: 0.87 | F7: 0.89 | G7: 0.88 | H7: 0.84 | I7: 0.88 | J7: 0.84 | K7: 0.85 | L7: 0.82 | M7: 0.83 | P7: es-AR | Q7: =VLOOKUP(P7,GroupLabels!$E$2:$H$145,3,0) -> Argentina - Spanish
A8: Australia - English | B8: 0.9 | C8: 0.82 | D8: 0.84 | E8: 0.86 | F8: 0.9 | G8: 0.9 | H8: 0.71 | I8: 0.83 | J8: 0.84 | K8: 0.83 | L8: 0.78 | M8: 0.83 | P8: en-AU | Q8: =VLOOKUP(P8,GroupLabels!$E$2:$H$145,4,0) -> 1
A9: Austria - German | B9: 0.88 | C9: 0.79 | D9: 0.82 | E9: 0.84 | F9: 0.88 | G9: 0.88 | H9: 0.79 | I9: 0.84 | J9: 0.82 | K9: 0.82 | L9: 0.78 | M9: 0.82 | P9: de-AT | Q9: =VLOOKUP(P9,GroupLabels!$E$2:$H$145,4,0) -> 1
A10: Belgium (Flemish Community) - Dutch | B10: 0.88 | C10: 0.79 | D10: 0.81 | E10: 0.86 | F10: 0.88 | G10: 0.87 | H10: 0.79 | I10: 0.81 | J10: 0.84 | K10: 0.84 | L10: 0.78 | M10: 0.83 | P10: nl-BE | Q10: =VLOOKUP(P10,GroupLabels!$E$2:$H$145,4,0) -> 1
A11: Belgium (French Community) - French | B11: 0.89 | C11: 0.8 | D11: 0.83 | E11: 0.84 | F11: 0.87 | G11: 0.84 | H11: 0.76 | I11: 0.9 | J11: 0.83 | K11: 0.82 | L11: 0.78 | M11: 0.78 | P11: fr-BE | Q11: =VLOOKUP(P11,GroupLabels!$E$2:$H$145,4,0) -> 1
A12: Belgium (French Community) - German | B12: 0.87 | C12: 0.77 | D12: 0.81 | E12: 0.83 | F12: 0.86 | G12: 0.88 | H12: 0.77 | I12: 0.84 | J12: 0.85 | K12: 0.85 | L12: 0.81 | M12: 0.76 | P12: de-BE | Q12: =VLOOKUP(P12,GroupLabels!$E$2:$H$145,4,0) -> 1
A13: Brunei Darussalam - English | B13: 0.86 | C13: 0.82 | D13: 0.83 | E13: 0.76 | F13: 0.87 | G13: 0.84 | H13: 0.75 | I13: 0.93 | J13: 0.82 | K13: 0.84 | L13: 0.76 | M13: 0.78 | P13: en-BN | Q13: =VLOOKUP(P13,GroupLabels!$E$2:$H$145,3,0) -> Brunei Darussalam - English
A14: B-S-J-G (China) - Chinese* | B14: 0.93 | C14: 0.87 | D14: 0.93 | E14: 0.88 | F14: 0.9 | G14: 0.93 | H14: 0.86 | I14: 0.97 | J14: 0.92 | K14: 0.87 | L14: 0.74 | M14: 0.82 | P14: zh-CN | Q14: =VLOOKUP(P14,GroupLabels!$E$2:$H$145,4,0) -> 0
A15: Bulgaria - Bulgarian | B15: 0.88 | C15: 0.85 | D15: 0.88 | E15: 0.87 | F15: 0.92 | G15: 0.9 | H15: 0.85 | I15: 0.9 | J15: 0.88 | K15: 0.89 | L15: 0.84 | M15: 0.83 | P15: bg-BG | Q15: =VLOOKUP(P15,GroupLabels!$E$2:$H$145,4,0) -> 0
A16: Dominican Republic - Spanish | B16: 0.92 | C16: 0.88 | D16: 0.94 | E16: 0.91 | F16: 0.93 | G16: 0.92 | H16: 0.85 | I16: 0.95 | J16: 0.89 | K16: 0.9 | L16: 0.86 | M16: 0.88 | P16: es-DO | Q16: =VLOOKUP(P16,GroupLabels!$E$2:$H$145,4,0) -> 0
A17: Estonia - Estonian | B17: 0.85 | C17: 0.8 | D17: 0.79 | E17: 0.84 | F17: 0.87 | G17: 0.87 | H17: 0.8 | I17: 0.79 | J17: 0.8 | K17: 0.81 | L17: 0.73 | M17: 0.81 | P17: et-EE | Q17: =VLOOKUP(P17,GroupLabels!$E$2:$H$145,4,0) -> 1
A18: Estonia - Russian | B18: 0.86 | C18: 0.85 | D18: 0.82 | E18: 0.83 | F18: 0.88 | G18: 0.91 | H18: 0.82 | I18: 0.81 | J18: 0.84 | K18: 0.83 | L18: 0.75 | M18: 0.82 | P18: ru-EE | Q18: =VLOOKUP(P18,GroupLabels!$E$2:$H$145,4,0) -> 1
A19: Finland - Finnish | B19: 0.92 | C19: 0.87 | D19: 0.84 | E19: 0.88 | F19: 0.88 | G19: 0.9 | H19: 0.85 | I19: 0.83 | J19: 0.85 | K19: 0.84 | L19: 0.84 | M19: 0.87 | P19: fi-FI | Q19: =VLOOKUP(P19,GroupLabels!$E$2:$H$145,3,0) -> Finland - Finnish
A20: Finland - Swedish | B20: 0.9 | C20: 0.83 | D20: 0.81 | E20: 0.87 | F20: 0.88 | G20: 0.91 | H20: 0.82 | I20: 0.86 | J20: 0.81 | K20: 0.81 | L20: 0.82 | M20: 0.83 | P20: sv-FI | Q20: =VLOOKUP(P20,GroupLabels!$E$2:$H$145,3,0) -> Finland - Swedish
A21: Georgia - Azerbaijani | B21: 0.88 | C21: 0.86 | D21: 0.96 | E21: 0.9 | F21: 0.92 | G21: 0.93 | H21: 0.86 | I21: 0.93 | J21: 0.87 | K21: 0.91 | L21: 0.89 | M21: 0.9 | P21: az-GE | Q21: =VLOOKUP(P21,GroupLabels!$E$2:$H$145,4,0) -> 0
A22: Georgia - Georgian | B22: 0.88 | C22: 0.86 | D22: 0.9 | E22: 0.86 | F22: 0.91 | G22: 0.9 | H22: 0.83 | I22: 0.93 | J22: 0.87 | K22: 0.88 | L22: 0.83 | M22: 0.85 | P22: ka-GE | Q22: =VLOOKUP(P22,GroupLabels!$E$2:$H$145,4,0) -> 0
A23: Georgia - Russian | B23: 0.81 | C23: 0.89 | D23: 0.87 | E23: 0.8 | F23: 0.85 | G23: 0.89 | H23: 0.82 | I23: 0.92 | J23: 0.9 | K23: 0.85 | L23: 0.84 | M23: 0.87 | P23: ru-GE | Q23: =VLOOKUP(P23,GroupLabels!$E$2:$H$145,4,0) -> 0
A24: Germany - German | B24: 0.83 | C24: 0.73 | D24: 0.8 | E24: 0.8 | F24: 0.84 | G24: 0.86 | H24: 0.76 | I24: 0.83 | J24: 0.8 | K24: 0.79 | L24: 0.75 | M24: 0.74 | P24: de-DE | Q24: =VLOOKUP(P24,GroupLabels!$E$2:$H$145,4,0) -> 1
A25: Greece - Modern Greek | B25: 0.85 | C25: 0.84 | D25: 0.87 | E25: 0.83 | F25: 0.86 | G25: 0.87 | H25: 0.77 | I25: 0.92 | J25: 0.87 | K25: 0.86 | L25: 0.8 | M25: 0.81 | P25: el-GR | Q25: =VLOOKUP(P25,GroupLabels!$E$2:$H$145,4,0) -> 1
A26: Hong Kong (China) - Chinese | B26: 0.94 | C26: 0.9 | D26: 0.86 | E26: 0.9 | F26: 0.93 | G26: 0.91 | H26: 0.87 | I26: 0.93 | J26: 0.87 | K26: 0.85 | L26: 0.83 | M26: 0.87 | P26: zh-HK | Q26: =VLOOKUP(P26,GroupLabels!$E$2:$H$145,4,0) -> 0
A27: Hong Kong (China) - English | B27: 0.88 | C27: 0.84 | D27: 0.84 | E27: 0.82 | F27: 0.91 | G27: 0.9 | H27: 0.8 | I27: 0.87 | J27: 0.87 | K27: 0.85 | L27: 0.78 | M27: 0.81 | P27: en-HK | Q27: =VLOOKUP(P27,GroupLabels!$E$2:$H$145,4,0) -> 0
A28: Hungary - Hungarian | B28: 0.89 | C28: 0.85 | D28: 0.87 | E28: 0.85 | F28: 0.9 | G28: 0.89 | H28: 0.82 | I28: 0.92 | J28: 0.83 | K28: 0.84 | L28: 0.76 | M28: 0.8 | P28: hu-HU | Q28: =VLOOKUP(P28,GroupLabels!$E$2:$H$145,4,0) -> 1
A29: Iceland - Icelandic | B29: 0.92 | C29: 0.88 | D29: 0.86 | E29: 0.84 | F29: 0.9 | G29: 0.89 | H29: 0.79 | I29: 0.85 | J29: 0.82 | K29: 0.83 | L29: 0.78 | M29: 0.85 | P29: is-IS | Q29: =VLOOKUP(P29,GroupLabels!$E$2:$H$145,3,0) -> Iceland - Icelandic
A30: Ireland - English | B30: 0.88 | C30: 0.79 | D30: 0.78 | E30: 0.84 | F30: 0.86 | G30: 0.86 | H30: 0.68 | I30: 0.83 | J30: 0.8 | K30: 0.79 | L30: 0.72 | M30: 0.81 | P30: en-IE | Q30: =VLOOKUP(P30,GroupLabels!$E$2:$H$145,4,0) -> 1
A31: Ireland - Irish Gaeilge | B31: 0.86 | C31: 0.87 | D31: 0.87 | E31: 0.72 | F31: 0.86 | G31: 0.83 | H31: 0.77 | I31: 0.88 | J31: 0.78 | K31: 0.81 | L31: 0.74 | M31: 0.77 | P31: ga-IE | Q31: =VLOOKUP(P31,GroupLabels!$E$2:$H$145,4,0) -> 1
A32: Israel - Arabic* | B32: 0.89 | C32: 0.88 | D32: 0.93 | E32: 0.88 | F32: 0.94 | G32: 0.94 | H32: 0.86 | I32: 0.93 | J32: 0.9 | K32: 0.9 | L32: 0.89 | M32: 0.89 | P32: ar-IL | Q32: =VLOOKUP(P32,GroupLabels!$E$2:$H$145,4,0) -> 1
A33: Israel - Hebrew* | B33: 0.91 | C33: 0.85 | D33: 0.87 | E33: 0.88 | F33: 0.92 | G33: 0.9 | H33: 0.84 | I33: 0.89 | J33: 0.87 | K33: 0.88 | L33: 0.85 | M33: 0.86 | P33: he-IL | Q33: =VLOOKUP(P33,GroupLabels!$E$2:$H$145,3,0) -> Israel - Hebrew*
A34: Italy - German | B34: 0.84 | C34: 0.76 | D34: 0.86 | E34: 0.84 | F34: 0.87 | G34: 0.86 | H34: 0.81 | I34: 0.84 | J34: 0.86 | K34: 0.86 | L34: 0.81 | M34: 0.77 | P34: de-IT | Q34: =VLOOKUP(P34,GroupLabels!$E$2:$H$145,4,0) -> 1
A35: Italy - Italian | B35: 0.83 | C35: 0.76 | D35: 0.81 | E35: 0.8 | F35: 0.84 | G35: 0.85 | H35: 0.74 | I35: 0.83 | J35: 0.82 | K35: 0.83 | L35: 0.69 | M35: 0.75 | P35: it-IT | Q35: =VLOOKUP(P35,GroupLabels!$E$2:$H$145,3,0) -> Italy - Italian
A36: Japan - Japanese | B36: 0.93 | C36: 0.82 | D36: 0.88 | E36: 0.87 | F36: 0.86 | G36: 0.92 | H36: 0.83 | I36: 0.9 | J36: 0.84 | K36: 0.82 | L36: 0.83 | M36: 0.86 | P36: ja-JP | Q36: =VLOOKUP(P36,GroupLabels!$E$2:$H$145,4,0) -> 1
A37: Jordan - Arabic | B37: 0.89 | C37: 0.86 | D37: 0.93 | E37: 0.89 | F37: 0.92 | G37: 0.92 | H37: 0.87 | I37: 0.95 | J37: 0.9 | K37: 0.91 | L37: 0.89 | M37: 0.87 | P37: ar-JO | Q37: =VLOOKUP(P37,GroupLabels!$E$2:$H$145,4,0) -> 0
A38: Korea - Korean | B38: 0.94 | C38: 0.91 | D38: 0.87 | E38: 0.89 | F38: 0.91 | G38: 0.92 | H38: 0.85 | I38: 0.9 | J38: 0.82 | K38: 0.79 | L38: 0.78 | M38: 0.84 | P38: ko-KR | Q38: =VLOOKUP(P38,GroupLabels!$E$2:$H$145,3,0) -> Korea - Korean
A39: Lebanon - English* | B39: 0.86 | C39: 0.83 | D39: 0.9 | E39: 0.84 | F39: 0.9 | G39: 0.9 | H39: 0.81 | I39: 0.95 | J39: 0.88 | K39: 0.89 | L39: 0.83 | M39: 0.82 | P39: en-LB | Q39: =VLOOKUP(P39,GroupLabels!$E$2:$H$145,3,0) -> Lebanon - English*
A40: Lebanon - French* | B40: 0.83 | C40: 0.77 | D40: 0.87 | E40: 0.81 | F40: 0.9 | G40: 0.86 | H40: 0.81 | I40: 0.92 | J40: 0.89 | K40: 0.87 | L40: 0.83 | M40: 0.79 | P40: fr-LB | Q40: =VLOOKUP(P40,GroupLabels!$E$2:$H$145,3,0) -> Lebanon - French*
A41: Luxembourg - English | B41: 0.87 | C41: 0.77 | D41: 0.82 | E41: 0.82 | F41: 0.85 | G41: 0.89 | H41: 0.71 | I41: 0.81 | J41: 0.8 | K41: 0.78 | L41: 0.73 | M41: 0.79 | P41: en-LU | Q41: =VLOOKUP(P41,GroupLabels!$E$2:$H$145,3,0) -> Luxembourg - English
A42: Luxembourg - French | B42: 0.89 | C42: 0.82 | D42: 0.82 | E42: 0.85 | F42: 0.9 | G42: 0.86 | H42: 0.79 | I42: 0.84 | J42: 0.83 | K42: 0.82 | L42: 0.76 | M42: 0.8 | P42: fr-LU | Q42: =VLOOKUP(P42,GroupLabels!$E$2:$H$145,3,0) -> Luxembourg - French
A43: Luxembourg - German | B43: 0.87 | C43: 0.81 | D43: 0.85 | E43: 0.84 | F43: 0.88 | G43: 0.88 | H43: 0.79 | I43: 0.85 | J43: 0.85 | K43: 0.85 | L43: 0.77 | M43: 0.83 | P43: de-LU | Q43: =VLOOKUP(P43,GroupLabels!$E$2:$H$145,3,0) -> Luxembourg - German
A44: Macao (China) - English | B44: 0.86 | C44: 0.79 | D44: 0.81 | E44: 0.76 | F44: 0.87 | G44: 0.88 | H44: 0.78 | I44: 0.88 | J44: 0.82 | K44: 0.8 | L44: 0.78 | M44: 0.79 | P44: en-MO | Q44: =VLOOKUP(P44,GroupLabels!$E$2:$H$145,3,0) -> Macao (China) - English
A45: Macao (China) - Portuguese | B45: 0.85 | C45: 0.76 | D45: 0.8 | E45: 0.78 | F45: 0.73 | G45: 0.79 | H45: 0.69 | I45: 0.83 | J45: 0.77 | K45: 0.81 | L45: 0.41 | M45: 0.69 | P45: pt-MO | Q45: =VLOOKUP(P45,GroupLabels!$E$2:$H$145,3,0) -> Macao (China) - Portuguese
A46: Macao (China) - Chinese | B46: 0.9 | C46: 0.85 | D46: 0.86 | E46: 0.82 | F46: 0.89 | G46: 0.89 | H46: 0.83 | I46: 0.91 | J46: 0.83 | K46: 0.8 | L46: 0.75 | M46: 0.83 | P46: zh-MO | Q46: =VLOOKUP(P46,GroupLabels!$E$2:$H$145,4,0) -> 0
A47: Malaysia - English | B47: 0.89 | C47: 0.84 | D47: 0.83 | E47: 0.82 | F47: 0.91 | G47: 0.87 | H47: 0.77 | I47: 0.95 | J47: 0.83 | K47: 0.83 | L47: 0.78 | M47: 0.82 | P47: en-MY | Q47: =VLOOKUP(P47,GroupLabels!$E$2:$H$145,3,0) -> Malaysia - English
A48: Malaysia - Malay | B48: 0.88 | C48: 0.86 | D48: 0.89 | E48: 0.84 | F48: 0.91 | G48: 0.88 | H48: 0.81 | I48: 0.92 | J48: 0.85 | K48: 0.88 | L48: 0.78 | M48: 0.78 | P48: ms-MY | Q48: =VLOOKUP(P48,GroupLabels!$E$2:$H$145,3,0) -> Malaysia - Malay
A49: Mongolia - Kazakh | B49: 0.83 | C49: 0.86 | D49: 0.62 | E49: 0.86 | F49: 0.91 | G49: 0.92 | H49: 0.88 | I49: 0.44 | J49: 0.93 | K49: 0.92 | L49: 0.7 | M49: 0.82 | P49: kk-MN | Q49: =VLOOKUP(P49,GroupLabels!$E$2:$H$145,4,0) -> 0
A50: Mongolia - Mongolian | B50: 0.86 | C50: 0.86 | D50: 0.91 | E50: 0.85 | F50: 0.91 | G50: 0.92 | H50: 0.85 | I50: 0.91 | J50: 0.86 | K50: 0.88 | L50: 0.83 | M50: 0.81 | P50: mn-MN | Q50: =VLOOKUP(P50,GroupLabels!$E$2:$H$145,3,0) -> Mongolia - Mongolian
A51: Morocco - Arabic | B51: 0.88 | C51: 0.83 | D51: 0.92 | E51: 0.87 | F51: 0.89 | G51: 0.9 | H51: 0.83 | I51: 0.93 | J51: 0.86 | K51: 0.87 | L51: 0.86 | M51: 0.83 | P51: ar-MA | Q51: =VLOOKUP(P51,GroupLabels!$E$2:$H$145,4,0) -> 0
A52: Netherlands - Dutch | B52: 0.89 | C52: 0.83 | D52: 0.84 | E52: 0.87 | F52: 0.87 | G52: 0.87 | H52: 0.78 | I52: 0.84 | J52: 0.83 | K52: 0.84 | L52: 0.82 | M52: 0.83 | P52: nl-NL | Q52: =VLOOKUP(P52,GroupLabels!$E$2:$H$145,3,0) -> Netherlands - Dutch
A53: New Zealand - English | B53: 0.9 | C53: 0.82 | D53: 0.85 | E53: 0.86 | F53: 0.9 | G53: 0.87 | H53: 0.73 | I53: 0.83 | J53: 0.85 | K53: 0.84 | L53: 0.79 | M53: 0.85 | P53: en-NZ | Q53: =VLOOKUP(P53,GroupLabels!$E$2:$H$145,3,0) -> New Zealand - English
A54: Poland - Polish | B54: 0.88 | C54: 0.86 | D54: 0.89 | E54: 0.86 | F54: 0.88 | G54: 0.91 | H54: 0.83 | I54: 0.89 | J54: 0.87 | K54: 0.86 | L54: 0.8 | M54: 0.81 | P54: pl-PL | Q54: =VLOOKUP(P54,GroupLabels!$E$2:$H$145,4,0) -> 1
A55: Qatar - Arabic | B55: 0.92 | C55: 0.91 | D55: 0.94 | E55: 0.92 | F55: 0.95 | G55: 0.94 | H55: 0.89 | I55: 0.94 | J55: 0.92 | K55: 0.93 | L55: 0.91 | M55: 0.91 | P55: ar-QA | Q55: =VLOOKUP(P55,GroupLabels!$E$2:$H$145,4,0) -> 0
A56: Qatar - English | B56: 0.89 | C56: 0.83 | D56: 0.89 | E56: 0.87 | F56: 0.9 | G56: 0.91 | H56: 0.79 | I56: 0.93 | J56: 0.88 | K56: 0.88 | L56: 0.81 | M56: 0.84 | P56: en-QA | Q56: =VLOOKUP(P56,GroupLabels!$E$2:$H$145,4,0) -> 0
A57: Romania - Hungarian | B57: 0.89 | C57: 0.85 | D57: 0.86 | E57: 0.85 | F57: 0.87 | G57: 0.88 | H57: 0.86 | I57: 0.89 | J57: 0.85 | K57: 0.82 | L57: 0.75 | M57: 0.8 | P57: hu-RO | Q57: =VLOOKUP(P57,GroupLabels!$E$2:$H$145,4,0) -> 0
A58: Romania - Romanian | B58: 0.89 | C58: 0.88 | D58: 0.86 | E58: 0.88 | F58: 0.91 | G58: 0.92 | H58: 0.84 | I58: 0.87 | J58: 0.88 | K58: 0.88 | L58: 0.85 | M58: 0.86 | P58: ro-RO | Q58: =VLOOKUP(P58,GroupLabels!$E$2:$H$145,4,0) -> 0
A59: Singapore - English | B59: 0.89 | C59: 0.82 | D59: 0.81 | E59: 0.85 | F59: 0.89 | G59: 0.9 | H59: 0.76 | I59: 0.8 | J59: 0.86 | K59: 0.83 | L59: 0.73 | M59: 0.82 | P59: en-SG | Q59: =VLOOKUP(P59,GroupLabels!$E$2:$H$145,3,0) -> Singapore - English
A60: Slovenia - Slovenian | B60: 0.87 | C60: 0.85 | D60: 0.85 | E60: 0.83 | F60: 0.88 | G60: 0.9 | H60: 0.86 | I60: 0.86 | J60: 0.83 | K60: 0.84 | L60: 0.79 | M60: 0.83 | P60: sl-SI | Q60: =VLOOKUP(P60,GroupLabels!$E$2:$H$145,3,0) -> Slovenia - Slovenian
A61: Spain - Basque | B61: 0.87 | C61: 0.86 | D61: 0.82 | E61: 0.85 | F61: 0.91 | G61: 0.88 | H61: 0.83 | I61: 0.83 | J61: 0.86 | K61: 0.85 | L61: 0.75 | M61: 0.83 | P61: eu-ES | Q61: =VLOOKUP(P61,GroupLabels!$E$2:$H$145,3,0) -> Spain - Basque
A62: Spain - Catalan | B62: 0.88 | C62: 0.81 | D62: 0.83 | E62: 0.83 | F62: 0.88 | G62: 0.88 | H62: 0.7 | I62: 0.83 | J62: 0.81 | K62: 0.8 | L62: 0.71 | M62: 0.8 | P62: ca-ES | Q62: =VLOOKUP(P62,GroupLabels!$E$2:$H$145,3,0) -> Spain - Catalan
A63: Spain - Galician | B63: 0.88 | C63: 0.76 | D63: 0.82 | E63: 0.85 | F63: 0.85 | G63: 0.88 | H63: 0.74 | I63: 0.83 | J63: 0.82 | K63: 0.82 | L63: 0.74 | M63: 0.82 | P63: gl-ES | Q63: =VLOOKUP(P63,GroupLabels!$E$2:$H$145,4,0) -> 1
A64: Spain - Spanish | B64: 0.9 | C64: 0.84 | D64: 0.83 | E64: 0.87 | F64: 0.89 | G64: 0.9 | H64: 0.77 | I64: 0.86 | J64: 0.84 | K64: 0.81 | L64: 0.75 | M64: 0.83 | P64: es-ES | Q64: =VLOOKUP(P64,GroupLabels!$E$2:$H$145,3,0) -> Spain - Spanish
A65: Switzerland - French | B65: 0.89 | C65: 0.84 | D65: 0.8 | E65: 0.83 | F65: 0.9 | G65: 0.86 | H65: 0.78 | I65: 0.88 | J65: 0.84 | K65: 0.83 | L65: 0.78 | M65: 0.8 | P65: fr-CH | Q65: =VLOOKUP(P65,GroupLabels!$E$2:$H$145,3,0) -> Switzerland - French
A66: Switzerland - German | B66: 0.86 | C66: 0.78 | D66: 0.85 | E66: 0.85 | F66: 0.86 | G66: 0.88 | H66: 0.8 | I66: 0.84 | J66: 0.86 | K66: 0.85 | L66: 0.74 | M66: 0.82 | P66: de-CH | Q66: =VLOOKUP(P66,GroupLabels!$E$2:$H$145,3,0) -> Switzerland - German
A67: Switzerland - Italian | B67: 0.87 | C67: 0.82 | D67: 0.84 | E67: 0.83 | F67: 0.85 | G67: 0.86 | H67: 0.78 | I67: 0.85 | J67: 0.84 | K67: 0.84 | L67: 0.74 | M67: 0.79 | P67: it-CH | Q67: =VLOOKUP(P67,GroupLabels!$E$2:$H$145,3,0) -> Switzerland - Italian
A68: Chinese Taipei - Chinese | B68: 0.92 | C68: 0.89 | D68: 0.89 | E68: 0.9 | F68: 0.93 | G68: 0.9 | H68: 0.86 | I68: 0.91 | J68: 0.85 | K68: 0.82 | L68: 0.8 | M68: 0.84 | P68: zh-TW | Q68: =VLOOKUP(P68,GroupLabels!$E$2:$H$145,3,0) -> Chinese Taipei - Chinese
A69: Turkey - Turkish | B69: 0.87 | C69: 0.85 | D69: 0.87 | E69: 0.84 | F69: 0.9 | G69: 0.9 | H69: 0.78 | I69: 0.91 | J69: 0.85 | K69: 0.86 | L69: 0.83 | M69: 0.8 | P69: tr-TR | Q69: =VLOOKUP(P69,GroupLabels!$E$2:$H$145,4,0) -> 1
A70: Ukrainian regions (17 of 27) - Ukrainian* | B70: 0.88 | C70: 0.87 | D70: 0.91 | E70: 0.86 | F70: 0.92 | G70: 0.9 | H70: 0.86 | I70: 0.9 | J70: 0.87 | K70: 0.87 | L70: 0.82 | M70: 0.83 | P70: uk-UA | Q70: =VLOOKUP(P70,GroupLabels!$E$2:$H$145,4,0) -> 0
A71: United Arab Emirates - Arabic | B71: 0.93 | C71: 0.93 | D71: 0.92 | E71: 0.94 | F71: 0.96 | G71: 0.94 | H71: 0.88 | I71: 0.91 | J71: 0.93 | K71: 0.93 | L71: 0.9 | M71: 0.91 | P71: ar-AE | Q71: =VLOOKUP(P71,GroupLabels!$E$2:$H$145,4,0) -> 0
A72: United Arab Emirates - English | B72: 0.9 | C72: 0.84 | D72: 0.87 | E72: 0.87 | F72: 0.91 | G72: 0.91 | H72: 0.78 | I72: 0.9 | J72: 0.89 | K72: 0.88 | L72: 0.81 | M72: 0.85 | P72: en-AE | Q72: =VLOOKUP(P72,GroupLabels!$E$2:$H$145,4,0) -> 0
A73: United Kingdom Scotland only - English | B73: 0.88 | C73: 0.81 | D73: 0.77 | E73: 0.85 | F73: 0.87 | G73: 0.88 | H73: 0.71 | I73: 0.8 | J73: 0.83 | K73: 0.82 | L73: 0.74 | M73: 0.81 | P73: en-GB-scotland | Q73: =VLOOKUP(P73,GroupLabels!$E$2:$H$145,4,0) -> 1
A74: United States - English | B74: 0.87 | C74: 0.8 | D74: 0.83 | E74: 0.87 | F74: 0.88 | G74: 0.88 | H74: 0.72 | I74: 0.83 | J74: 0.84 | K74: 0.84 | L74: 0.79 | M74: 0.83 | P74: en-US
A75: Uruguay - Spanish | B75: 0.91 | C75: 0.84 | D75: 0.87 | E75: 0.88 | F75: 0.91 | G75: 0.9 | H75: 0.83 | I75: 0.87 | J75: 0.84 | K75: 0.85 | L75: 0.8 | M75: 0.86 | P75: es-UY | Q75: =VLOOKUP(P75,GroupLabels!$E$2:$H$145,3,0) -> Uruguay - Spanish

Sheet T22.A.46
A1: Table of Contents
A3: Table 22.A.46
A4: Number of items with international parameters for the IRT scales in the ICT Familiarity Questionnaire
A6: Country/economy (language group) | B6: DIGINTLRN | C6: ICTFEED | D6: ICTHOME | E6: ICTINFO | F6: ICTOUT | G6: ICTQUAL | H6: ICTREG | I6: ICTSCH | J6: ICTWKDY | K6: ICTWKEND | L6: INTICT | M6: SOIAICT
A7: Argentina - Spanish | B7: 5 | C7: 4 | D7: 10 | E7: 6 | F7: 8 | G7: 7 | H7: 6 | I7: 10 | J7: 7 | K7: 7 | L7: 6 | M7: 5 | AD7: fp-IM | AE7: =VLOOKUP(AD7,GroupLabels!$F$2:$I$145,3,0) -> 0
A8: Australia - English | B8: 5 | C8: 4 | D8: 10 | E8: 6 | F8: 8 | G8: 7 | H8: 6 | I8: 10 | J8: 7 | K8: 7 | L8: 6 | M8: 5 | AD8: ta-PW | AE8: =VLOOKUP(AD8,GroupLabels!$F$2:$I$145,3,0) -> 1
A9: Austria - German | B9: 5 | C9: 4 | D9: 10 | E9: 6 | F9: 8 | G9: 7 | H9: 6 | I9: 10 | J9: 7 | K9: 7 | L9: 6 | M9: 5 | AD9: ny-DA | AE9: =VLOOKUP(AD9,GroupLabels!$F$2:$I$145,3,0) -> 1
A10: B-S-J-G (China) - Chinese* | B10: 5 | C10: 4 | D10: 10 | E10: 6 | F10: 8 | G10: 7 | H10: 6 | I10: 10 | J10: 7 | K10: 7 | L10: 6 | M10: 5 | AD10: yh-KA | AE10: =VLOOKUP(AD10,GroupLabels!$F$2:$I$145,3,0) -> 0
A11: Belgium (Flemish Community) - Dutch | B11: 5 | C11: 4 | D11: 10 | E11: 6 | F11: 8 | G11: 7 | H11: 6 | I11: 10 | J11: 7 | K11: 7 | L11: 6 | M11: 5 | AD11: of-GC | AE11: =VLOOKUP(AD11,GroupLabels!$F$2:$I$145,3,0) -> 1
A12: Belgium (French Community) - French | B12: 5 | C12: 4 | D12: 10 | E12: 6 | F12: 8 | G12: 7 | H12: 6 | I12: 10 | J12: 7 | K12: 7 | L12: 6 | M12: 5 | AD12: sl-HC | AE12: =VLOOKUP(AD12,GroupLabels!$F$2:$I$145,3,0) -> 1
A13: Belgium (French Community) - German | B13: 5 | C13: 4 | D13: 10 | E13: 6 | F13: 8 | G13: 7 | H13: 6 | I13: 10 | J13: 7 | K13: 7 | L13: 6 | M13: 5 | AD13: ny-HC | AE13: =VLOOKUP(AD13,GroupLabels!$F$2:$I$145,3,0) -> 1
A14: Brunei Darussalam - English | B14: 5 | C14: 4 | D14: 10 | E14: 6 | F14: 8 | G14: 7 | H14: 6 | I14: 10 | J14: 7 | K14: 7 | L14: 6 | M14: 5 | AD14: ta-HA | AE14: =VLOOKUP(AD14,GroupLabels!$F$2:$I$145,3,0) -> 0
A15: Bulgaria - Bulgarian | B15: 5 | C15: 4 | D15: 10 | E15: 6 | F15: 8 | G15: 7 | H15: 6 | I15: 10 | J15: 7 | K15: 7 | L15: 6 | M15: 5 | AD15: ag-FA | AE15: =VLOOKUP(AD15,GroupLabels!$F$2:$I$145,3,0) -> 0
A16: Dominican Republic - Spanish | B16: 5 | C16: 4 | D16: 10 | E16: 6 | F16: 8 | G16: 7 | H16: 6 | I16: 10 | J16: 7 | K16: 7 | L16: 6 | M16: 5 | AD16: fp-QA | AE16: =VLOOKUP(AD16,GroupLabels!$F$2:$I$145,3,0) -> 0
A17: Estonia - Estonian | B17: 5 | C17: 4 | D17: 10 | E17: 6 | F17: 8 | G17: 7 | H17: 6 | I17: 10 | J17: 7 | K17: 7 | L17: 6 | M17: 5 | AD17: zh-UA | AE17: =VLOOKUP(AD17,GroupLabels!$F$2:$I$145,3,0) -> 1
A18: Estonia - Russian | B18: 5 | C18: 4 | D18: 10 | E18: 6 | F18: 8 | G18: 7 | H18: 6 | I18: 10 | J18: 7 | K18: 7 | L18: 6 | M18: 5 | AD18: kr-UA | AE18: =VLOOKUP(AD18,GroupLabels!$F$2:$I$145,3,0) -> 1
... A75: Uruguay - Spanish | B75: 5 | C75: 4 | D75: 10 | E75: 6 | F75: 8 | G75: 7 | H75: 6 | I75: 10 | J75: 7 | K75: 7 | L75: 6 | M75: 5 | AD75: fp-IY | AE75: =VLOOKUP(AD75,GroupLabels!$F$2:$I$145,3,0) -> 0

Sheet T22.A.47
A1: Table of Contents | B1: ICTSCH
A3: Table 22.A.47
A4: Items in the ICTSCH scale
A6: Group (International) | B6: Item | C6: Wording | D6: Trend | E6: Recoded | F6: Alpha | G6: Beta
